Periodo,"1.Bonos en pesos a 10 años  (BCP,BTP)"
15.Jul.2004,6.50
16.Jul.2004,6.41
19.Jul.2004,6.41
20.Jul.2004,6.41
21.Jul.2004,6.41
22.Jul.2004,6.41
23.Jul.2004,6.41
26.Jul.2004,6.41
27.Jul.2004,6.41
28.Jul.2004,6.41
29.Jul.2004,6.50
30.Jul.2004,6.49
02.Aug.2004,6.48
03.Aug.2004,6.45
04.Aug.2004,6.45
05.Aug.2004,6.50
06.Aug.2004,6.49
09.Aug.2004,6.48
10.Aug.2004,6.48
11.Aug.2004,6.48
12.Aug.2004,6.48
13.Aug.2004,6.48
16.Aug.2004,6.46
17.Aug.2004,6.41
18.Aug.2004,6.33
19.Aug.2004,6.30
20.Aug.2004,6.25
23.Aug.2004,6.25
24.Aug.2004,6.10
25.Aug.2004,6.05
26.Aug.2004,5.98
27.Aug.2004,5.92
30.Aug.2004,5.95
31.Aug.2004,5.94
01.Sep.2004,5.96
02.Sep.2004,6.00
03.Sep.2004,5.99
06.Sep.2004,5.99
07.Sep.2004,6.00
08.Sep.2004,6.00
09.Sep.2004,6.09
10.Sep.2004,6.08
13.Sep.2004,6.08
14.Sep.2004,6.10
15.Sep.2004,6.09
16.Sep.2004,6.09
17.Sep.2004,
20.Sep.2004,6.09
21.Sep.2004,6.09
22.Sep.2004,6.09
23.Sep.2004,6.34
24.Sep.2004,6.42
27.Sep.2004,6.55
28.Sep.2004,6.58
29.Sep.2004,6.58
30.Sep.2004,6.58
01.Oct.2004,6.58
04.Oct.2004,6.61
05.Oct.2004,6.61
06.Oct.2004,6.66
07.Oct.2004,6.75
08.Oct.2004,6.65
11.Oct.2004,
12.Oct.2004,6.67
13.Oct.2004,6.67
14.Oct.2004,6.58
15.Oct.2004,6.50
18.Oct.2004,6.48
19.Oct.2004,6.51
20.Oct.2004,6.52
21.Oct.2004,6.52
22.Oct.2004,6.56
25.Oct.2004,6.53
26.Oct.2004,6.53
27.Oct.2004,6.52
28.Oct.2004,6.49
29.Oct.2004,6.43
01.Nov.2004,
02.Nov.2004,6.43
03.Nov.2004,6.40
04.Nov.2004,6.33
05.Nov.2004,6.25
08.Nov.2004,6.20
09.Nov.2004,6.20
10.Nov.2004,6.27
11.Nov.2004,6.36
12.Nov.2004,6.26
15.Nov.2004,6.14
16.Nov.2004,6.18
17.Nov.2004,6.15
18.Nov.2004,6.04
19.Nov.2004,
22.Nov.2004,6.05
23.Nov.2004,6.05
24.Nov.2004,6.11
25.Nov.2004,6.10
26.Nov.2004,6.12
29.Nov.2004,6.09
30.Nov.2004,6.08
01.Dec.2004,6.10
02.Dec.2004,6.02
03.Dec.2004,6.09
06.Dec.2004,6.04
07.Dec.2004,6.04
08.Dec.2004,
09.Dec.2004,6.03
10.Dec.2004,6.03
13.Dec.2004,5.95
14.Dec.2004,5.94
15.Dec.2004,5.99
16.Dec.2004,6.06
17.Dec.2004,6.05
20.Dec.2004,6.03
21.Dec.2004,5.97
22.Dec.2004,5.95
23.Dec.2004,5.98
24.Dec.2004,5.98
27.Dec.2004,5.98
28.Dec.2004,5.98
29.Dec.2004,5.95
30.Dec.2004,5.95
31.Dec.2004,
03.Jan.2005,5.95
04.Jan.2005,5.86
05.Jan.2005,5.88
06.Jan.2005,5.94
07.Jan.2005,5.96
10.Jan.2005,6.00
11.Jan.2005,6.01
12.Jan.2005,6.01
13.Jan.2005,6.00
14.Jan.2005,5.97
17.Jan.2005,5.95
18.Jan.2005,6.00
19.Jan.2005,6.00
20.Jan.2005,6.00
21.Jan.2005,6.00
24.Jan.2005,5.95
25.Jan.2005,5.95
26.Jan.2005,5.92
27.Jan.2005,6.00
28.Jan.2005,6.00
31.Jan.2005,6.05
01.Feb.2005,6.05
02.Feb.2005,6.00
03.Feb.2005,6.00
04.Feb.2005,6.00
07.Feb.2005,5.96
08.Feb.2005,5.96
09.Feb.2005,5.95
10.Feb.2005,5.95
11.Feb.2005,5.92
14.Feb.2005,5.92
15.Feb.2005,5.90
16.Feb.2005,5.85
17.Feb.2005,5.83
18.Feb.2005,5.83
21.Feb.2005,5.83
22.Feb.2005,5.87
23.Feb.2005,5.87
24.Feb.2005,5.87
25.Feb.2005,5.87
28.Feb.2005,5.85
01.Mar.2005,5.86
02.Mar.2005,5.91
03.Mar.2005,6.00
04.Mar.2005,5.99
07.Mar.2005,5.96
08.Mar.2005,5.96
09.Mar.2005,6.01
10.Mar.2005,6.03
11.Mar.2005,6.04
14.Mar.2005,6.03
15.Mar.2005,6.03
16.Mar.2005,6.02
17.Mar.2005,6.08
18.Mar.2005,6.05
21.Mar.2005,6.05
22.Mar.2005,6.04
23.Mar.2005,6.10
24.Mar.2005,6.15
25.Mar.2005,
28.Mar.2005,6.15
29.Mar.2005,6.10
30.Mar.2005,6.10
31.Mar.2005,6.12
01.Apr.2005,6.12
04.Apr.2005,6.12
05.Apr.2005,6.14
06.Apr.2005,6.14
07.Apr.2005,6.22
08.Apr.2005,6.20
11.Apr.2005,6.18
12.Apr.2005,6.17
13.Apr.2005,6.15
14.Apr.2005,6.13
15.Apr.2005,6.04
18.Apr.2005,6.00
19.Apr.2005,6.03
20.Apr.2005,6.03
21.Apr.2005,6.04
22.Apr.2005,6.04
25.Apr.2005,6.03
26.Apr.2005,6.02
27.Apr.2005,6.01
28.Apr.2005,6.03
29.Apr.2005,5.99
02.May.2005,6.00
03.May.2005,5.98
04.May.2005,6.00
05.May.2005,6.01
06.May.2005,6.00
09.May.2005,6.00
10.May.2005,5.95
11.May.2005,5.91
12.May.2005,5.90
13.May.2005,5.89
16.May.2005,5.90
17.May.2005,5.89
18.May.2005,5.88
19.May.2005,5.82
20.May.2005,5.76
23.May.2005,
24.May.2005,5.73
25.May.2005,5.75
26.May.2005,5.78
27.May.2005,5.79
30.May.2005,5.77
31.May.2005,5.74
01.Jun.2005,5.66
02.Jun.2005,5.66
03.Jun.2005,5.69
06.Jun.2005,5.72
07.Jun.2005,5.75
08.Jun.2005,5.77
09.Jun.2005,5.77
10.Jun.2005,5.69
13.Jun.2005,5.71
14.Jun.2005,5.73
15.Jun.2005,5.75
16.Jun.2005,5.72
17.Jun.2005,5.65
20.Jun.2005,5.70
21.Jun.2005,5.68
22.Jun.2005,5.65
23.Jun.2005,5.65
24.Jun.2005,5.61
27.Jun.2005,
28.Jun.2005,5.65
29.Jun.2005,5.67
30.Jun.2005,5.69
01.Jul.2005,5.69
04.Jul.2005,5.69
05.Jul.2005,5.74
06.Jul.2005,5.82
07.Jul.2005,5.79
08.Jul.2005,5.77
11.Jul.2005,5.79
12.Jul.2005,5.79
13.Jul.2005,5.80
14.Jul.2005,5.86
15.Jul.2005,5.86
18.Jul.2005,5.84
19.Jul.2005,5.82
20.Jul.2005,5.83
21.Jul.2005,5.87
22.Jul.2005,5.84
25.Jul.2005,5.83
26.Jul.2005,5.82
27.Jul.2005,5.81
28.Jul.2005,5.80
29.Jul.2005,5.82
01.Aug.2005,5.83
02.Aug.2005,5.81
03.Aug.2005,5.80
04.Aug.2005,5.83
05.Aug.2005,5.81
08.Aug.2005,5.84
09.Aug.2005,5.84
10.Aug.2005,5.80
11.Aug.2005,5.81
12.Aug.2005,5.75
15.Aug.2005,
16.Aug.2005,5.70
17.Aug.2005,5.67
18.Aug.2005,5.68
19.Aug.2005,5.67
22.Aug.2005,5.70
23.Aug.2005,5.70
24.Aug.2005,5.70
25.Aug.2005,5.79
26.Aug.2005,5.79
29.Aug.2005,5.84
30.Aug.2005,5.90
31.Aug.2005,5.94
01.Sep.2005,5.88
02.Sep.2005,5.85
05.Sep.2005,5.82
06.Sep.2005,5.78
07.Sep.2005,5.79
08.Sep.2005,5.78
09.Sep.2005,5.82
12.Sep.2005,5.83
13.Sep.2005,5.81
14.Sep.2005,5.82
15.Sep.2005,5.87
16.Sep.2005,5.87
19.Sep.2005,
20.Sep.2005,5.86
21.Sep.2005,5.84
22.Sep.2005,5.84
23.Sep.2005,5.84
26.Sep.2005,5.87
27.Sep.2005,5.90
28.Sep.2005,5.90
29.Sep.2005,5.91
30.Sep.2005,5.91
03.Oct.2005,5.91
04.Oct.2005,5.94
05.Oct.2005,5.94
06.Oct.2005,6.10
07.Oct.2005,6.10
10.Oct.2005,
11.Oct.2005,6.10
12.Oct.2005,6.10
13.Oct.2005,6.20
14.Oct.2005,6.20
17.Oct.2005,6.20
18.Oct.2005,6.20
19.Oct.2005,6.33
20.Oct.2005,6.48
21.Oct.2005,6.51
24.Oct.2005,6.51
25.Oct.2005,6.33
26.Oct.2005,6.32
27.Oct.2005,6.50
28.Oct.2005,6.48
31.Oct.2005,6.41
01.Nov.2005,
02.Nov.2005,6.47
03.Nov.2005,6.82
04.Nov.2005,6.79
07.Nov.2005,6.77
08.Nov.2005,6.85
09.Nov.2005,6.85
10.Nov.2005,6.85
11.Nov.2005,6.53
14.Nov.2005,6.53
15.Nov.2005,6.53
16.Nov.2005,6.53
17.Nov.2005,6.38
18.Nov.2005,6.35
21.Nov.2005,6.35
22.Nov.2005,6.35
23.Nov.2005,6.35
24.Nov.2005,6.35
25.Nov.2005,6.35
28.Nov.2005,6.35
29.Nov.2005,6.35
30.Nov.2005,6.35
01.Dec.2005,6.20
02.Dec.2005,6.19
05.Dec.2005,6.20
06.Dec.2005,6.23
07.Dec.2005,6.23
08.Dec.2005,
09.Dec.2005,6.23
12.Dec.2005,6.23
13.Dec.2005,6.35
14.Dec.2005,6.32
15.Dec.2005,6.30
16.Dec.2005,6.30
19.Dec.2005,6.30
20.Dec.2005,6.30
21.Dec.2005,6.30
22.Dec.2005,6.48
23.Dec.2005,6.48
26.Dec.2005,6.35
27.Dec.2005,6.34
28.Dec.2005,6.34
29.Dec.2005,6.34
30.Dec.2005,6.34
02.Jan.2006,6.29
03.Jan.2006,6.26
04.Jan.2006,6.22
05.Jan.2006,6.25
06.Jan.2006,6.25
09.Jan.2006,6.22
10.Jan.2006,6.14
11.Jan.2006,6.18
12.Jan.2006,6.18
13.Jan.2006,6.17
16.Jan.2006,6.18
17.Jan.2006,6.20
18.Jan.2006,6.18
19.Jan.2006,6.18
20.Jan.2006,6.18
23.Jan.2006,6.18
24.Jan.2006,6.18
25.Jan.2006,6.17
26.Jan.2006,6.17
27.Jan.2006,6.17
30.Jan.2006,6.17
31.Jan.2006,6.17
01.Feb.2006,6.17
02.Feb.2006,6.18
03.Feb.2006,6.24
06.Feb.2006,6.24
07.Feb.2006,6.24
08.Feb.2006,6.30
09.Feb.2006,6.30
10.Feb.2006,6.30
13.Feb.2006,6.30
14.Feb.2006,6.30
15.Feb.2006,6.32
16.Feb.2006,6.30
17.Feb.2006,6.30
20.Feb.2006,6.30
21.Feb.2006,6.24
22.Feb.2006,6.22
23.Feb.2006,6.22
24.Feb.2006,6.23
27.Feb.2006,6.23
28.Feb.2006,6.23
01.Mar.2006,6.22
02.Mar.2006,6.22
03.Mar.2006,6.20
06.Mar.2006,6.20
07.Mar.2006,6.22
08.Mar.2006,6.25
09.Mar.2006,6.25
10.Mar.2006,6.31
13.Mar.2006,6.31
14.Mar.2006,6.31
15.Mar.2006,6.32
16.Mar.2006,6.30
17.Mar.2006,6.31
20.Mar.2006,6.30
21.Mar.2006,6.34
22.Mar.2006,6.34
23.Mar.2006,6.37
24.Mar.2006,6.37
27.Mar.2006,6.37
28.Mar.2006,6.34
29.Mar.2006,6.34
30.Mar.2006,6.34
31.Mar.2006,6.34
03.Apr.2006,6.34
04.Apr.2006,6.34
05.Apr.2006,6.30
06.Apr.2006,6.29
07.Apr.2006,6.29
10.Apr.2006,6.29
11.Apr.2006,6.29
12.Apr.2006,6.29
13.Apr.2006,6.29
14.Apr.2006,
17.Apr.2006,6.31
18.Apr.2006,6.30
19.Apr.2006,6.30
20.Apr.2006,6.30
21.Apr.2006,6.30
24.Apr.2006,6.30
25.Apr.2006,6.30
26.Apr.2006,6.33
27.Apr.2006,6.34
28.Apr.2006,6.34
01.May.2006,
02.May.2006,6.34
03.May.2006,6.37
04.May.2006,6.38
05.May.2006,6.35
08.May.2006,6.35
09.May.2006,6.33
10.May.2006,6.33
11.May.2006,6.28
12.May.2006,6.30
15.May.2006,6.29
16.May.2006,6.28
17.May.2006,6.30
18.May.2006,6.30
19.May.2006,6.30
22.May.2006,6.30
23.May.2006,6.30
24.May.2006,6.31
25.May.2006,6.32
26.May.2006,6.32
29.May.2006,6.32
30.May.2006,6.33
31.May.2006,6.33
01.Jun.2006,6.33
02.Jun.2006,6.31
05.Jun.2006,6.31
06.Jun.2006,6.31
07.Jun.2006,6.31
08.Jun.2006,6.34
09.Jun.2006,6.39
12.Jun.2006,
13.Jun.2006,6.51
14.Jun.2006,6.46
15.Jun.2006,6.46
16.Jun.2006,6.46
19.Jun.2006,6.46
20.Jun.2006,6.46
21.Jun.2006,6.46
22.Jun.2006,6.46
23.Jun.2006,6.52
26.Jun.2006,
27.Jun.2006,6.58
28.Jun.2006,6.60
29.Jun.2006,6.60
30.Jun.2006,6.56
03.Jul.2006,6.56
04.Jul.2006,6.56
05.Jul.2006,6.59
06.Jul.2006,6.58
07.Jul.2006,6.55
10.Jul.2006,6.58
11.Jul.2006,6.58
12.Jul.2006,6.58
13.Jul.2006,6.60
14.Jul.2006,6.56
17.Jul.2006,6.56
18.Jul.2006,6.56
19.Jul.2006,6.56
20.Jul.2006,6.55
21.Jul.2006,6.55
24.Jul.2006,6.55
25.Jul.2006,6.54
26.Jul.2006,6.51
27.Jul.2006,6.50
28.Jul.2006,6.46
31.Jul.2006,6.44
01.Aug.2006,6.44
02.Aug.2006,6.45
03.Aug.2006,6.43
04.Aug.2006,6.43
07.Aug.2006,6.40
08.Aug.2006,6.40
09.Aug.2006,6.40
10.Aug.2006,6.40
11.Aug.2006,6.39
14.Aug.2006,6.39
15.Aug.2006,
16.Aug.2006,6.36
17.Aug.2006,6.35
18.Aug.2006,6.34
21.Aug.2006,6.35
22.Aug.2006,6.32
23.Aug.2006,6.31
24.Aug.2006,6.28
25.Aug.2006,6.28
28.Aug.2006,6.27
29.Aug.2006,6.25
30.Aug.2006,6.21
31.Aug.2006,6.20
01.Sep.2006,6.13
04.Sep.2006,6.08
05.Sep.2006,6.02
06.Sep.2006,6.02
07.Sep.2006,6.02
08.Sep.2006,6.02
11.Sep.2006,6.05
12.Sep.2006,6.10
13.Sep.2006,6.03
14.Sep.2006,6.02
15.Sep.2006,6.01
18.Sep.2006,
19.Sep.2006,
20.Sep.2006,6.01
21.Sep.2006,6.02
22.Sep.2006,6.00
25.Sep.2006,5.97
26.Sep.2006,5.96
27.Sep.2006,5.96
28.Sep.2006,5.98
29.Sep.2006,5.98
02.Oct.2006,5.98
03.Oct.2006,5.98
04.Oct.2006,5.96
05.Oct.2006,5.92
06.Oct.2006,5.93
09.Oct.2006,
10.Oct.2006,5.94
11.Oct.2006,5.92
12.Oct.2006,5.89
13.Oct.2006,5.87
16.Oct.2006,5.83
17.Oct.2006,5.80
18.Oct.2006,5.80
19.Oct.2006,5.81
20.Oct.2006,5.84
23.Oct.2006,5.87
24.Oct.2006,5.87
25.Oct.2006,5.85
26.Oct.2006,5.81
27.Oct.2006,5.80
30.Oct.2006,5.80
31.Oct.2006,5.77
01.Nov.2006,
02.Nov.2006,5.76
03.Nov.2006,5.73
06.Nov.2006,5.72
07.Nov.2006,5.67
08.Nov.2006,5.68
09.Nov.2006,5.67
10.Nov.2006,5.67
13.Nov.2006,5.67
14.Nov.2006,5.65
15.Nov.2006,5.64
16.Nov.2006,5.62
17.Nov.2006,5.56
20.Nov.2006,5.53
21.Nov.2006,5.52
22.Nov.2006,5.51
23.Nov.2006,5.49
24.Nov.2006,5.44
27.Nov.2006,5.47
28.Nov.2006,5.54
29.Nov.2006,5.54
30.Nov.2006,5.54
01.Dec.2006,5.60
04.Dec.2006,5.56
05.Dec.2006,5.56
06.Dec.2006,5.55
07.Dec.2006,5.55
08.Dec.2006,
11.Dec.2006,5.57
12.Dec.2006,5.58
13.Dec.2006,5.60
14.Dec.2006,5.60
15.Dec.2006,5.59
18.Dec.2006,5.60
19.Dec.2006,5.62
20.Dec.2006,5.62
21.Dec.2006,5.65
22.Dec.2006,5.65
25.Dec.2006,
26.Dec.2006,5.66
27.Dec.2006,5.66
28.Dec.2006,5.67
29.Dec.2006,5.66
01.Jan.2007,
02.Jan.2007,5.68
03.Jan.2007,5.68
04.Jan.2007,5.71
05.Jan.2007,5.70
08.Jan.2007,5.68
09.Jan.2007,5.67
10.Jan.2007,5.65
11.Jan.2007,5.65
12.Jan.2007,5.43
15.Jan.2007,5.34
16.Jan.2007,5.35
17.Jan.2007,5.32
18.Jan.2007,5.32
19.Jan.2007,5.29
22.Jan.2007,5.30
23.Jan.2007,5.33
24.Jan.2007,5.35
25.Jan.2007,5.39
26.Jan.2007,5.46
29.Jan.2007,5.50
30.Jan.2007,5.53
31.Jan.2007,5.56
01.Feb.2007,5.44
02.Feb.2007,5.46
05.Feb.2007,5.53
06.Feb.2007,5.56
07.Feb.2007,5.53
08.Feb.2007,5.50
09.Feb.2007,5.51
12.Feb.2007,5.52
13.Feb.2007,5.50
14.Feb.2007,5.53
15.Feb.2007,5.50
16.Feb.2007,5.52
19.Feb.2007,5.54
20.Feb.2007,5.55
21.Feb.2007,5.55
22.Feb.2007,5.55
23.Feb.2007,5.55
26.Feb.2007,5.54
27.Feb.2007,5.52
28.Feb.2007,5.50
01.Mar.2007,5.51
02.Mar.2007,5.48
05.Mar.2007,5.48
06.Mar.2007,5.49
07.Mar.2007,5.51
08.Mar.2007,5.47
09.Mar.2007,5.45
12.Mar.2007,5.45
13.Mar.2007,5.44
14.Mar.2007,5.46
15.Mar.2007,5.47
16.Mar.2007,5.48
19.Mar.2007,5.49
20.Mar.2007,5.53
21.Mar.2007,5.50
22.Mar.2007,5.50
23.Mar.2007,5.52
26.Mar.2007,5.52
27.Mar.2007,5.52
28.Mar.2007,5.58
29.Mar.2007,5.58
30.Mar.2007,5.64
02.Apr.2007,5.64
03.Apr.2007,5.64
04.Apr.2007,5.57
05.Apr.2007,5.57
06.Apr.2007,
09.Apr.2007,5.57
10.Apr.2007,5.63
11.Apr.2007,5.59
12.Apr.2007,5.58
13.Apr.2007,5.65
16.Apr.2007,5.65
17.Apr.2007,5.65
18.Apr.2007,5.66
19.Apr.2007,5.66
20.Apr.2007,5.66
23.Apr.2007,5.66
24.Apr.2007,5.66
25.Apr.2007,5.66
26.Apr.2007,5.66
27.Apr.2007,5.66
30.Apr.2007,5.66
01.May.2007,
02.May.2007,5.66
03.May.2007,5.66
04.May.2007,5.84
07.May.2007,5.96
08.May.2007,6.00
09.May.2007,6.00
10.May.2007,6.00
11.May.2007,5.92
14.May.2007,5.92
15.May.2007,6.03
16.May.2007,6.03
17.May.2007,6.17
18.May.2007,6.17
21.May.2007,
22.May.2007,6.17
23.May.2007,6.33
24.May.2007,6.27
25.May.2007,6.23
28.May.2007,6.28
29.May.2007,6.27
30.May.2007,6.30
31.May.2007,6.31
01.Jun.2007,6.30
04.Jun.2007,6.30
05.Jun.2007,6.51
06.Jun.2007,6.51
07.Jun.2007,6.58
08.Jun.2007,6.54
11.Jun.2007,6.53
12.Jun.2007,6.57
13.Jun.2007,6.54
14.Jun.2007,6.54
15.Jun.2007,6.54
18.Jun.2007,6.54
19.Jun.2007,6.43
20.Jun.2007,6.48
21.Jun.2007,6.49
22.Jun.2007,6.50
25.Jun.2007,6.50
26.Jun.2007,6.50
27.Jun.2007,6.45
28.Jun.2007,6.45
29.Jun.2007,6.45
02.Jul.2007,
03.Jul.2007,6.48
04.Jul.2007,6.57
05.Jul.2007,6.57
06.Jul.2007,6.57
09.Jul.2007,6.58
10.Jul.2007,6.58
11.Jul.2007,6.57
12.Jul.2007,6.56
13.Jul.2007,6.56
16.Jul.2007,
17.Jul.2007,6.56
18.Jul.2007,6.56
19.Jul.2007,6.56
20.Jul.2007,6.49
23.Jul.2007,6.49
24.Jul.2007,6.49
25.Jul.2007,6.48
26.Jul.2007,6.46
27.Jul.2007,6.46
30.Jul.2007,6.50
31.Jul.2007,6.53
01.Aug.2007,6.53
02.Aug.2007,6.51
03.Aug.2007,6.66
06.Aug.2007,6.66
07.Aug.2007,6.66
08.Aug.2007,6.66
09.Aug.2007,6.56
10.Aug.2007,6.58
13.Aug.2007,6.53
14.Aug.2007,6.48
15.Aug.2007,
16.Aug.2007,6.44
17.Aug.2007,6.44
20.Aug.2007,6.44
21.Aug.2007,6.44
22.Aug.2007,6.33
23.Aug.2007,6.33
24.Aug.2007,6.33
27.Aug.2007,6.33
28.Aug.2007,6.26
29.Aug.2007,6.20
30.Aug.2007,6.22
31.Aug.2007,6.25
03.Sep.2007,6.25
04.Sep.2007,6.35
05.Sep.2007,6.43
06.Sep.2007,6.48
07.Sep.2007,6.40
10.Sep.2007,6.41
11.Sep.2007,6.46
12.Sep.2007,6.46
13.Sep.2007,6.46
14.Sep.2007,6.36
17.Sep.2007,
18.Sep.2007,
19.Sep.2007,
20.Sep.2007,6.33
21.Sep.2007,6.33
24.Sep.2007,6.35
25.Sep.2007,6.32
26.Sep.2007,6.30
27.Sep.2007,6.28
28.Sep.2007,6.29
01.Oct.2007,6.30
02.Oct.2007,6.29
03.Oct.2007,6.35
04.Oct.2007,6.35
05.Oct.2007,6.33
08.Oct.2007,6.33
09.Oct.2007,6.34
10.Oct.2007,6.32
11.Oct.2007,6.32
12.Oct.2007,6.28
15.Oct.2007,
16.Oct.2007,6.32
17.Oct.2007,6.45
18.Oct.2007,6.41
19.Oct.2007,6.39
22.Oct.2007,6.38
23.Oct.2007,6.38
24.Oct.2007,6.38
25.Oct.2007,6.37
26.Oct.2007,6.38
29.Oct.2007,6.38
30.Oct.2007,6.36
31.Oct.2007,6.37
01.Nov.2007,
02.Nov.2007,6.37
05.Nov.2007,6.27
06.Nov.2007,6.27
07.Nov.2007,6.28
08.Nov.2007,6.27
09.Nov.2007,6.24
12.Nov.2007,6.22
13.Nov.2007,6.23
14.Nov.2007,6.24
15.Nov.2007,6.20
16.Nov.2007,6.20
19.Nov.2007,6.21
20.Nov.2007,6.20
21.Nov.2007,6.15
22.Nov.2007,6.18
23.Nov.2007,6.20
26.Nov.2007,6.20
27.Nov.2007,6.16
28.Nov.2007,6.19
29.Nov.2007,6.20
30.Nov.2007,6.20
03.Dec.2007,6.20
04.Dec.2007,6.26
05.Dec.2007,6.26
06.Dec.2007,6.27
07.Dec.2007,6.34
10.Dec.2007,6.34
11.Dec.2007,6.35
12.Dec.2007,6.34
13.Dec.2007,6.34
14.Dec.2007,6.40
17.Dec.2007,6.44
18.Dec.2007,6.43
19.Dec.2007,6.49
20.Dec.2007,6.43
21.Dec.2007,6.42
24.Dec.2007,6.42
25.Dec.2007,
26.Dec.2007,6.42
27.Dec.2007,6.39
28.Dec.2007,6.36
31.Dec.2007,
01.Jan.2008,
02.Jan.2008,6.36
03.Jan.2008,6.34
04.Jan.2008,6.44
07.Jan.2008,6.57
08.Jan.2008,6.74
09.Jan.2008,6.81
10.Jan.2008,6.80
11.Jan.2008,6.76
14.Jan.2008,6.76
15.Jan.2008,6.68
16.Jan.2008,6.64
17.Jan.2008,6.65
18.Jan.2008,6.65
21.Jan.2008,6.65
22.Jan.2008,6.52
23.Jan.2008,6.49
24.Jan.2008,6.39
25.Jan.2008,6.37
28.Jan.2008,6.41
29.Jan.2008,6.41
30.Jan.2008,6.38
31.Jan.2008,6.37
01.Feb.2008,6.42
04.Feb.2008,6.44
05.Feb.2008,6.33
06.Feb.2008,6.32
07.Feb.2008,6.30
08.Feb.2008,6.30
11.Feb.2008,6.30
12.Feb.2008,6.30
13.Feb.2008,6.30
14.Feb.2008,6.30
15.Feb.2008,6.30
18.Feb.2008,6.32
19.Feb.2008,6.32
20.Feb.2008,6.32
21.Feb.2008,6.32
22.Feb.2008,6.32
25.Feb.2008,6.38
26.Feb.2008,6.38
27.Feb.2008,6.38
28.Feb.2008,6.45
29.Feb.2008,6.42
03.Mar.2008,6.40
04.Mar.2008,6.40
05.Mar.2008,6.55
06.Mar.2008,6.56
07.Mar.2008,6.53
10.Mar.2008,6.51
11.Mar.2008,6.51
12.Mar.2008,6.51
13.Mar.2008,6.51
14.Mar.2008,6.53
17.Mar.2008,6.53
18.Mar.2008,6.58
19.Mar.2008,6.60
20.Mar.2008,6.55
21.Mar.2008,
24.Mar.2008,6.55
25.Mar.2008,6.55
26.Mar.2008,6.54
27.Mar.2008,6.58
28.Mar.2008,6.57
31.Mar.2008,6.59
01.Apr.2008,6.59
02.Apr.2008,6.57
03.Apr.2008,6.51
04.Apr.2008,6.53
07.Apr.2008,6.53
08.Apr.2008,6.59
09.Apr.2008,6.56
10.Apr.2008,6.55
11.Apr.2008,6.47
14.Apr.2008,6.50
15.Apr.2008,6.52
16.Apr.2008,6.53
17.Apr.2008,6.51
18.Apr.2008,6.51
21.Apr.2008,6.51
22.Apr.2008,6.51
23.Apr.2008,6.59
24.Apr.2008,6.55
25.Apr.2008,6.56
28.Apr.2008,6.55
29.Apr.2008,6.57
30.Apr.2008,6.59
01.May.2008,
02.May.2008,6.59
05.May.2008,6.59
06.May.2008,6.63
07.May.2008,6.69
08.May.2008,6.92
09.May.2008,6.92
12.May.2008,7.01
13.May.2008,7.08
14.May.2008,7.16
15.May.2008,7.15
16.May.2008,7.16
19.May.2008,7.15
20.May.2008,7.15
21.May.2008,
22.May.2008,7.19
23.May.2008,7.18
26.May.2008,7.18
27.May.2008,7.20
28.May.2008,7.23
29.May.2008,7.12
30.May.2008,7.05
02.Jun.2008,7.04
03.Jun.2008,7.05
04.Jun.2008,7.05
05.Jun.2008,7.25
06.Jun.2008,7.25
09.Jun.2008,7.30
10.Jun.2008,7.30
11.Jun.2008,7.40
12.Jun.2008,7.38
13.Jun.2008,7.43
16.Jun.2008,7.38
17.Jun.2008,7.65
18.Jun.2008,7.86
19.Jun.2008,7.84
20.Jun.2008,7.84
23.Jun.2008,7.84
24.Jun.2008,7.99
25.Jun.2008,8.07
26.Jun.2008,8.08
27.Jun.2008,8.02
30.Jun.2008,7.91
01.Jul.2008,7.96
02.Jul.2008,8.10
03.Jul.2008,8.29
04.Jul.2008,8.18
07.Jul.2008,8.21
08.Jul.2008,7.99
09.Jul.2008,7.97
10.Jul.2008,7.92
11.Jul.2008,7.95
14.Jul.2008,7.98
15.Jul.2008,7.93
16.Jul.2008,
17.Jul.2008,7.82
18.Jul.2008,7.50
21.Jul.2008,7.56
22.Jul.2008,7.56
23.Jul.2008,7.62
24.Jul.2008,7.56
25.Jul.2008,7.50
28.Jul.2008,7.50
29.Jul.2008,7.51
30.Jul.2008,7.56
31.Jul.2008,7.54
01.Aug.2008,7.53
04.Aug.2008,7.53
05.Aug.2008,7.65
06.Aug.2008,7.73
07.Aug.2008,7.88
08.Aug.2008,7.81
11.Aug.2008,7.83
12.Aug.2008,7.82
13.Aug.2008,7.83
14.Aug.2008,7.86
15.Aug.2008,
18.Aug.2008,7.87
19.Aug.2008,7.90
20.Aug.2008,8.00
21.Aug.2008,8.00
22.Aug.2008,7.99
25.Aug.2008,8.04
26.Aug.2008,8.07
27.Aug.2008,8.10
28.Aug.2008,8.15
29.Aug.2008,8.20
01.Sep.2008,8.23
02.Sep.2008,8.11
03.Sep.2008,8.12
04.Sep.2008,7.95
05.Sep.2008,7.81
08.Sep.2008,7.75
09.Sep.2008,7.68
10.Sep.2008,7.58
11.Sep.2008,7.67
12.Sep.2008,7.76
15.Sep.2008,7.68
16.Sep.2008,7.50
17.Sep.2008,7.45
18.Sep.2008,
19.Sep.2008,
22.Sep.2008,7.45
23.Sep.2008,7.45
24.Sep.2008,7.44
25.Sep.2008,7.39
26.Sep.2008,7.47
29.Sep.2008,7.40
30.Sep.2008,7.18
01.Oct.2008,7.22
02.Oct.2008,7.24
03.Oct.2008,7.23
06.Oct.2008,7.09
07.Oct.2008,7.07
08.Oct.2008,6.86
09.Oct.2008,6.91
10.Oct.2008,6.80
13.Oct.2008,6.80
14.Oct.2008,6.69
15.Oct.2008,6.64
16.Oct.2008,6.59
17.Oct.2008,6.52
20.Oct.2008,6.55
21.Oct.2008,6.59
22.Oct.2008,6.59
23.Oct.2008,6.71
24.Oct.2008,6.86
27.Oct.2008,6.87
28.Oct.2008,6.77
29.Oct.2008,6.76
30.Oct.2008,6.74
31.Oct.2008,
03.Nov.2008,6.79
04.Nov.2008,6.71
05.Nov.2008,6.72
06.Nov.2008,6.71
07.Nov.2008,6.72
10.Nov.2008,6.73
11.Nov.2008,6.77
12.Nov.2008,6.75
13.Nov.2008,6.65
14.Nov.2008,6.45
17.Nov.2008,6.39
18.Nov.2008,6.39
19.Nov.2008,6.44
20.Nov.2008,6.40
21.Nov.2008,6.38
24.Nov.2008,6.38
25.Nov.2008,6.32
26.Nov.2008,6.31
27.Nov.2008,6.32
28.Nov.2008,6.32
01.Dec.2008,6.32
02.Dec.2008,6.26
03.Dec.2008,6.23
04.Dec.2008,6.25
05.Dec.2008,6.19
08.Dec.2008,
09.Dec.2008,6.20
10.Dec.2008,6.17
11.Dec.2008,6.15
12.Dec.2008,6.13
15.Dec.2008,6.16
16.Dec.2008,6.05
17.Dec.2008,5.91
18.Dec.2008,5.89
19.Dec.2008,5.93
22.Dec.2008,5.98
23.Dec.2008,5.97
24.Dec.2008,5.98
25.Dec.2008,
26.Dec.2008,5.98
29.Dec.2008,6.00
30.Dec.2008,5.92
31.Dec.2008,
01.Jan.2009,
02.Jan.2009,5.86
05.Jan.2009,5.73
06.Jan.2009,5.68
07.Jan.2009,5.79
08.Jan.2009,5.78
09.Jan.2009,5.67
12.Jan.2009,5.76
13.Jan.2009,5.75
14.Jan.2009,5.68
15.Jan.2009,5.54
16.Jan.2009,5.43
19.Jan.2009,5.48
20.Jan.2009,5.49
21.Jan.2009,5.50
22.Jan.2009,5.50
23.Jan.2009,5.49
26.Jan.2009,5.43
27.Jan.2009,5.41
28.Jan.2009,5.32
29.Jan.2009,5.36
30.Jan.2009,5.37
02.Feb.2009,5.23
03.Feb.2009,5.03
04.Feb.2009,5.11
05.Feb.2009,5.19
06.Feb.2009,5.12
09.Feb.2009,5.14
10.Feb.2009,5.12
11.Feb.2009,5.05
12.Feb.2009,5.01
13.Feb.2009,4.82
16.Feb.2009,4.81
17.Feb.2009,4.81
18.Feb.2009,4.76
19.Feb.2009,4.73
20.Feb.2009,4.64
23.Feb.2009,4.59
24.Feb.2009,4.42
25.Feb.2009,4.39
26.Feb.2009,4.46
27.Feb.2009,4.46
02.Mar.2009,4.50
03.Mar.2009,4.54
04.Mar.2009,4.55
05.Mar.2009,4.56
06.Mar.2009,4.49
09.Mar.2009,4.41
10.Mar.2009,4.35
11.Mar.2009,4.34
12.Mar.2009,4.45
13.Mar.2009,4.59
16.Mar.2009,4.85
17.Mar.2009,5.27
18.Mar.2009,5.08
19.Mar.2009,5.12
20.Mar.2009,5.35
23.Mar.2009,5.42
24.Mar.2009,5.31
25.Mar.2009,5.18
26.Mar.2009,5.27
27.Mar.2009,5.29
30.Mar.2009,5.27
31.Mar.2009,5.31
01.Apr.2009,5.34
02.Apr.2009,5.42
03.Apr.2009,5.58
06.Apr.2009,5.58
07.Apr.2009,5.67
08.Apr.2009,5.59
09.Apr.2009,5.42
10.Apr.2009,
13.Apr.2009,5.38
14.Apr.2009,5.44
15.Apr.2009,5.49
16.Apr.2009,5.52
17.Apr.2009,5.48
20.Apr.2009,5.41
21.Apr.2009,5.37
22.Apr.2009,5.39
23.Apr.2009,5.40
24.Apr.2009,5.37
27.Apr.2009,5.34
28.Apr.2009,5.34
29.Apr.2009,5.34
30.Apr.2009,5.38
01.May.2009,
04.May.2009,5.46
05.May.2009,5.62
06.May.2009,5.57
07.May.2009,5.55
08.May.2009,5.54
11.May.2009,5.60
12.May.2009,5.62
13.May.2009,5.59
14.May.2009,5.66
15.May.2009,5.80
18.May.2009,5.71
19.May.2009,5.70
20.May.2009,5.72
21.May.2009,
22.May.2009,5.73
25.May.2009,5.75
26.May.2009,5.77
27.May.2009,5.87
28.May.2009,5.90
29.May.2009,5.91
01.Jun.2009,5.94
02.Jun.2009,5.99
03.Jun.2009,6.00
04.Jun.2009,5.99
05.Jun.2009,5.93
08.Jun.2009,5.93
09.Jun.2009,5.91
10.Jun.2009,5.93
11.Jun.2009,5.85
12.Jun.2009,5.87
15.Jun.2009,5.85
16.Jun.2009,5.82
17.Jun.2009,5.75
18.Jun.2009,5.77
19.Jun.2009,5.78
22.Jun.2009,5.79
23.Jun.2009,5.84
24.Jun.2009,5.88
25.Jun.2009,5.94
26.Jun.2009,5.98
29.Jun.2009,
30.Jun.2009,5.95
01.Jul.2009,5.92
02.Jul.2009,5.88
03.Jul.2009,5.81
06.Jul.2009,5.77
07.Jul.2009,5.85
08.Jul.2009,5.78
09.Jul.2009,5.70
10.Jul.2009,5.54
13.Jul.2009,5.52
14.Jul.2009,5.51
15.Jul.2009,5.55
16.Jul.2009,
17.Jul.2009,5.55
20.Jul.2009,5.67
21.Jul.2009,5.74
22.Jul.2009,5.70
23.Jul.2009,5.78
24.Jul.2009,5.85
27.Jul.2009,5.89
28.Jul.2009,5.84
29.Jul.2009,5.83
30.Jul.2009,5.87
31.Jul.2009,5.83
03.Aug.2009,5.86
04.Aug.2009,5.83
05.Aug.2009,5.78
06.Aug.2009,5.52
07.Aug.2009,5.57
10.Aug.2009,5.54
11.Aug.2009,5.55
12.Aug.2009,5.57
13.Aug.2009,5.51
14.Aug.2009,5.55
17.Aug.2009,5.52
18.Aug.2009,5.55
19.Aug.2009,5.64
20.Aug.2009,5.59
21.Aug.2009,5.60
24.Aug.2009,5.59
25.Aug.2009,5.60
26.Aug.2009,5.58
27.Aug.2009,5.59
28.Aug.2009,5.60
31.Aug.2009,5.66
01.Sep.2009,5.62
02.Sep.2009,5.63
03.Sep.2009,5.63
04.Sep.2009,5.62
07.Sep.2009,5.62
08.Sep.2009,5.71
09.Sep.2009,5.71
10.Sep.2009,5.81
11.Sep.2009,5.92
14.Sep.2009,5.94
15.Sep.2009,6.02
16.Sep.2009,6.04
17.Sep.2009,6.04
18.Sep.2009,
21.Sep.2009,6.02
22.Sep.2009,5.98
23.Sep.2009,5.97
24.Sep.2009,5.88
25.Sep.2009,5.90
28.Sep.2009,5.95
29.Sep.2009,5.94
30.Sep.2009,5.96
01.Oct.2009,5.95
02.Oct.2009,5.93
05.Oct.2009,5.94
06.Oct.2009,5.97
07.Oct.2009,6.01
08.Oct.2009,6.03
09.Oct.2009,6.04
12.Oct.2009,
13.Oct.2009,6.05
14.Oct.2009,6.03
15.Oct.2009,6.03
16.Oct.2009,5.92
19.Oct.2009,5.95
20.Oct.2009,5.93
21.Oct.2009,5.99
22.Oct.2009,5.96
23.Oct.2009,5.95
26.Oct.2009,5.95
27.Oct.2009,5.98
28.Oct.2009,6.00
29.Oct.2009,6.00
30.Oct.2009,6.00
02.Nov.2009,6.06
03.Nov.2009,6.10
04.Nov.2009,6.15
05.Nov.2009,6.13
06.Nov.2009,6.10
09.Nov.2009,6.04
10.Nov.2009,6.10
11.Nov.2009,6.09
12.Nov.2009,6.10
13.Nov.2009,6.07
16.Nov.2009,6.16
17.Nov.2009,6.19
18.Nov.2009,6.28
19.Nov.2009,6.20
20.Nov.2009,6.21
23.Nov.2009,6.25
24.Nov.2009,6.24
25.Nov.2009,6.24
26.Nov.2009,6.25
27.Nov.2009,6.24
30.Nov.2009,6.25
01.Dec.2009,6.25
02.Dec.2009,6.26
03.Dec.2009,6.26
04.Dec.2009,6.17
07.Dec.2009,6.17
08.Dec.2009,
09.Dec.2009,6.18
10.Dec.2009,6.23
11.Dec.2009,6.42
14.Dec.2009,6.42
15.Dec.2009,6.38
16.Dec.2009,6.36
17.Dec.2009,6.28
18.Dec.2009,6.32
21.Dec.2009,6.29
22.Dec.2009,6.34
23.Dec.2009,6.33
24.Dec.2009,6.33
25.Dec.2009,
28.Dec.2009,6.32
29.Dec.2009,6.45
30.Dec.2009,6.44
31.Dec.2009,
01.Jan.2010,
04.Jan.2010,6.39
05.Jan.2010,6.37
06.Jan.2010,6.28
07.Jan.2010,6.27
08.Jan.2010,6.34
11.Jan.2010,6.34
12.Jan.2010,6.34
13.Jan.2010,6.35
14.Jan.2010,6.31
15.Jan.2010,6.31
18.Jan.2010,6.41
19.Jan.2010,6.40
20.Jan.2010,6.50
21.Jan.2010,6.47
22.Jan.2010,6.45
25.Jan.2010,6.45
26.Jan.2010,6.41
27.Jan.2010,6.44
28.Jan.2010,6.43
29.Jan.2010,6.50
01.Feb.2010,6.48
02.Feb.2010,6.48
03.Feb.2010,6.48
04.Feb.2010,6.46
05.Feb.2010,6.41
08.Feb.2010,6.51
09.Feb.2010,6.47
10.Feb.2010,6.45
11.Feb.2010,6.45
12.Feb.2010,6.37
15.Feb.2010,6.35
16.Feb.2010,6.35
17.Feb.2010,6.41
18.Feb.2010,6.34
19.Feb.2010,6.34
22.Feb.2010,6.34
23.Feb.2010,6.32
24.Feb.2010,6.30
25.Feb.2010,6.32
26.Feb.2010,6.30
01.Mar.2010,6.29
02.Mar.2010,6.32
03.Mar.2010,6.32
04.Mar.2010,6.31
05.Mar.2010,6.32
08.Mar.2010,6.35
09.Mar.2010,6.37
10.Mar.2010,6.50
11.Mar.2010,6.51
12.Mar.2010,6.54
15.Mar.2010,6.55
16.Mar.2010,6.51
17.Mar.2010,6.50
18.Mar.2010,6.49
19.Mar.2010,6.50
22.Mar.2010,6.53
23.Mar.2010,6.51
24.Mar.2010,6.54
25.Mar.2010,6.55
26.Mar.2010,6.53
29.Mar.2010,6.56
30.Mar.2010,6.57
31.Mar.2010,6.57
01.Apr.2010,6.56
02.Apr.2010,
05.Apr.2010,6.55
06.Apr.2010,6.58
07.Apr.2010,6.66
08.Apr.2010,6.60
09.Apr.2010,6.57
12.Apr.2010,6.55
13.Apr.2010,6.49
14.Apr.2010,6.48
15.Apr.2010,6.47
16.Apr.2010,6.46
19.Apr.2010,6.45
20.Apr.2010,6.42
21.Apr.2010,6.44
22.Apr.2010,6.37
23.Apr.2010,6.36
26.Apr.2010,6.36
27.Apr.2010,6.36
28.Apr.2010,6.36
29.Apr.2010,6.40
30.Apr.2010,6.43
03.May.2010,6.47
04.May.2010,6.46
05.May.2010,6.44
06.May.2010,6.46
07.May.2010,6.41
10.May.2010,6.44
11.May.2010,6.40
12.May.2010,6.39
13.May.2010,6.37
14.May.2010,6.36
17.May.2010,6.37
18.May.2010,6.37
19.May.2010,6.36
20.May.2010,6.28
21.May.2010,
24.May.2010,6.29
25.May.2010,6.20
26.May.2010,6.24
27.May.2010,6.27
28.May.2010,6.34
31.May.2010,6.36
01.Jun.2010,6.35
02.Jun.2010,6.34
03.Jun.2010,6.32
04.Jun.2010,6.28
07.Jun.2010,6.29
08.Jun.2010,6.33
09.Jun.2010,6.36
10.Jun.2010,6.38
11.Jun.2010,6.39
14.Jun.2010,6.40
15.Jun.2010,6.41
16.Jun.2010,6.47
17.Jun.2010,6.45
18.Jun.2010,6.42
21.Jun.2010,6.42
22.Jun.2010,6.39
23.Jun.2010,6.34
24.Jun.2010,6.35
25.Jun.2010,6.36
28.Jun.2010,
29.Jun.2010,6.33
30.Jun.2010,6.32
01.Jul.2010,6.26
02.Jul.2010,6.29
05.Jul.2010,6.29
06.Jul.2010,6.29
07.Jul.2010,6.30
08.Jul.2010,6.28
09.Jul.2010,6.29
12.Jul.2010,6.29
13.Jul.2010,6.29
14.Jul.2010,6.28
15.Jul.2010,6.27
16.Jul.2010,
19.Jul.2010,6.28
20.Jul.2010,6.31
21.Jul.2010,6.32
22.Jul.2010,6.34
23.Jul.2010,6.30
26.Jul.2010,6.28
27.Jul.2010,6.24
28.Jul.2010,6.16
29.Jul.2010,6.07
30.Jul.2010,5.98
02.Aug.2010,6.02
03.Aug.2010,6.08
04.Aug.2010,6.13
05.Aug.2010,6.16
06.Aug.2010,6.12
09.Aug.2010,6.10
10.Aug.2010,6.05
11.Aug.2010,6.02
12.Aug.2010,6.00
13.Aug.2010,6.01
16.Aug.2010,5.99
17.Aug.2010,5.99
18.Aug.2010,5.93
19.Aug.2010,5.90
20.Aug.2010,5.93
23.Aug.2010,5.93
24.Aug.2010,5.89
25.Aug.2010,5.85
26.Aug.2010,5.82
27.Aug.2010,5.85
30.Aug.2010,5.80
31.Aug.2010,5.89
01.Sep.2010,5.89
02.Sep.2010,5.92
03.Sep.2010,5.89
06.Sep.2010,5.91
07.Sep.2010,5.93
08.Sep.2010,5.90
09.Sep.2010,5.99
10.Sep.2010,6.01
13.Sep.2010,6.02
14.Sep.2010,6.02
15.Sep.2010,6.01
16.Sep.2010,5.99
17.Sep.2010,
20.Sep.2010,
21.Sep.2010,5.97
22.Sep.2010,5.92
23.Sep.2010,5.95
24.Sep.2010,5.98
27.Sep.2010,5.94
28.Sep.2010,5.97
29.Sep.2010,6.00
30.Sep.2010,6.07
01.Oct.2010,6.05
04.Oct.2010,6.03
05.Oct.2010,6.03
06.Oct.2010,6.02
07.Oct.2010,6.06
08.Oct.2010,6.09
11.Oct.2010,
12.Oct.2010,6.11
13.Oct.2010,6.13
14.Oct.2010,6.11
15.Oct.2010,6.09
18.Oct.2010,6.09
19.Oct.2010,6.09
20.Oct.2010,6.07
21.Oct.2010,6.07
22.Oct.2010,6.09
25.Oct.2010,6.11
26.Oct.2010,6.11
27.Oct.2010,6.19
28.Oct.2010,6.22
29.Oct.2010,6.26
01.Nov.2010,
02.Nov.2010,6.22
03.Nov.2010,6.23
04.Nov.2010,6.19
05.Nov.2010,6.19
08.Nov.2010,6.15
09.Nov.2010,6.16
10.Nov.2010,6.17
11.Nov.2010,6.16
12.Nov.2010,6.18
15.Nov.2010,6.20
16.Nov.2010,6.20
17.Nov.2010,6.17
18.Nov.2010,6.17
19.Nov.2010,6.21
22.Nov.2010,6.20
23.Nov.2010,6.17
24.Nov.2010,6.14
25.Nov.2010,6.14
26.Nov.2010,6.12
29.Nov.2010,6.10
30.Nov.2010,6.08
01.Dec.2010,6.07
02.Dec.2010,6.09
03.Dec.2010,6.08
06.Dec.2010,6.05
07.Dec.2010,6.03
08.Dec.2010,
09.Dec.2010,6.08
10.Dec.2010,6.14
13.Dec.2010,6.18
14.Dec.2010,6.14
15.Dec.2010,6.10
16.Dec.2010,6.11
17.Dec.2010,6.14
20.Dec.2010,6.15
21.Dec.2010,6.15
22.Dec.2010,6.12
23.Dec.2010,
24.Dec.2010,6.12
27.Dec.2010,
28.Dec.2010,6.14
29.Dec.2010,6.14
30.Dec.2010,6.14
31.Dec.2010,
03.Jan.2011,6.18
04.Jan.2011,6.41
05.Jan.2011,6.53
06.Jan.2011,6.50
07.Jan.2011,6.55
10.Jan.2011,6.54
11.Jan.2011,6.54
12.Jan.2011,6.52
13.Jan.2011,6.47
14.Jan.2011,6.50
17.Jan.2011,6.50
18.Jan.2011,
19.Jan.2011,6.55
20.Jan.2011,6.52
21.Jan.2011,6.52
24.Jan.2011,6.57
25.Jan.2011,6.59
26.Jan.2011,6.78
27.Jan.2011,6.80
28.Jan.2011,6.82
31.Jan.2011,6.84
01.Feb.2011,6.84
02.Feb.2011,6.82
03.Feb.2011,6.80
04.Feb.2011,6.80
07.Feb.2011,6.84
08.Feb.2011,
09.Feb.2011,6.94
10.Feb.2011,6.94
11.Feb.2011,6.95
14.Feb.2011,6.94
15.Feb.2011,6.90
16.Feb.2011,6.89
17.Feb.2011,6.88
18.Feb.2011,6.86
21.Feb.2011,6.87
22.Feb.2011,6.85
23.Feb.2011,6.89
24.Feb.2011,6.91
25.Feb.2011,6.85
28.Feb.2011,6.83
01.Mar.2011,6.79
02.Mar.2011,6.71
03.Mar.2011,6.71
04.Mar.2011,6.72
07.Mar.2011,6.72
08.Mar.2011,6.69
09.Mar.2011,6.70
10.Mar.2011,6.67
11.Mar.2011,6.62
14.Mar.2011,6.65
15.Mar.2011,6.57
16.Mar.2011,6.56
17.Mar.2011,6.50
18.Mar.2011,6.47
21.Mar.2011,6.50
22.Mar.2011,6.52
23.Mar.2011,6.49
24.Mar.2011,6.48
25.Mar.2011,6.43
28.Mar.2011,6.43
29.Mar.2011,6.44
30.Mar.2011,6.47
31.Mar.2011,6.50
01.Apr.2011,6.46
04.Apr.2011,6.48
05.Apr.2011,6.53
06.Apr.2011,6.49
07.Apr.2011,6.47
08.Apr.2011,6.45
11.Apr.2011,6.44
12.Apr.2011,6.46
13.Apr.2011,6.47
14.Apr.2011,6.44
15.Apr.2011,6.43
18.Apr.2011,6.40
19.Apr.2011,6.40
20.Apr.2011,6.37
21.Apr.2011,6.35
22.Apr.2011,
25.Apr.2011,6.36
26.Apr.2011,6.33
27.Apr.2011,6.34
28.Apr.2011,6.35
29.Apr.2011,6.34
02.May.2011,6.35
03.May.2011,6.33
04.May.2011,6.30
05.May.2011,6.29
06.May.2011,6.28
09.May.2011,6.27
10.May.2011,6.25
11.May.2011,6.25
12.May.2011,6.24
13.May.2011,6.26
16.May.2011,6.27
17.May.2011,6.28
18.May.2011,6.25
19.May.2011,6.31
20.May.2011,6.29
23.May.2011,6.27
24.May.2011,6.27
25.May.2011,6.30
26.May.2011,6.30
27.May.2011,6.31
30.May.2011,6.30
31.May.2011,6.30
01.Jun.2011,6.27
02.Jun.2011,6.26
03.Jun.2011,6.25
06.Jun.2011,6.26
07.Jun.2011,6.25
08.Jun.2011,6.26
09.Jun.2011,6.26
10.Jun.2011,6.25
13.Jun.2011,6.26
14.Jun.2011,6.26
15.Jun.2011,6.29
16.Jun.2011,6.28
17.Jun.2011,6.28
20.Jun.2011,6.27
21.Jun.2011,6.28
22.Jun.2011,6.29
23.Jun.2011,6.27
24.Jun.2011,6.28
27.Jun.2011,
28.Jun.2011,6.30
29.Jun.2011,6.28
30.Jun.2011,6.28
01.Jul.2011,6.27
04.Jul.2011,6.26
05.Jul.2011,6.26
06.Jul.2011,6.26
07.Jul.2011,6.25
08.Jul.2011,6.23
11.Jul.2011,6.21
12.Jul.2011,6.19
13.Jul.2011,6.20
14.Jul.2011,6.18
15.Jul.2011,6.15
18.Jul.2011,6.14
19.Jul.2011,6.13
20.Jul.2011,6.14
21.Jul.2011,6.13
22.Jul.2011,6.13
25.Jul.2011,6.14
26.Jul.2011,6.14
27.Jul.2011,6.14
28.Jul.2011,6.13
29.Jul.2011,6.11
01.Aug.2011,6.10
02.Aug.2011,6.00
03.Aug.2011,5.96
04.Aug.2011,5.82
05.Aug.2011,5.79
08.Aug.2011,5.61
09.Aug.2011,5.65
10.Aug.2011,5.57
11.Aug.2011,5.60
12.Aug.2011,5.65
15.Aug.2011,
16.Aug.2011,5.67
17.Aug.2011,5.72
18.Aug.2011,5.57
19.Aug.2011,5.52
22.Aug.2011,5.51
23.Aug.2011,5.43
24.Aug.2011,5.35
25.Aug.2011,5.33
26.Aug.2011,5.22
29.Aug.2011,5.20
30.Aug.2011,5.07
31.Aug.2011,5.08
01.Sep.2011,5.09
02.Sep.2011,5.05
05.Sep.2011,4.91
06.Sep.2011,4.79
07.Sep.2011,4.94
08.Sep.2011,4.94
09.Sep.2011,5.01
12.Sep.2011,4.93
13.Sep.2011,5.05
14.Sep.2011,5.07
15.Sep.2011,5.15
16.Sep.2011,5.15
19.Sep.2011,
20.Sep.2011,5.17
21.Sep.2011,5.29
22.Sep.2011,5.08
23.Sep.2011,5.05
26.Sep.2011,5.08
27.Sep.2011,5.09
28.Sep.2011,5.08
29.Sep.2011,5.11
30.Sep.2011,5.07
03.Oct.2011,5.01
04.Oct.2011,4.89
05.Oct.2011,4.92
06.Oct.2011,4.97
07.Oct.2011,5.04
10.Oct.2011,
11.Oct.2011,5.08
12.Oct.2011,5.12
13.Oct.2011,5.04
14.Oct.2011,5.05
17.Oct.2011,5.03
18.Oct.2011,5.03
19.Oct.2011,5.10
20.Oct.2011,5.09
21.Oct.2011,5.09
24.Oct.2011,5.11
25.Oct.2011,5.14
26.Oct.2011,5.18
27.Oct.2011,5.53
28.Oct.2011,5.49
31.Oct.2011,
01.Nov.2011,
02.Nov.2011,5.43
03.Nov.2011,5.46
04.Nov.2011,5.49
07.Nov.2011,5.49
08.Nov.2011,5.51
09.Nov.2011,5.48
10.Nov.2011,5.50
11.Nov.2011,5.54
14.Nov.2011,5.55
15.Nov.2011,5.53
16.Nov.2011,5.55
17.Nov.2011,5.50
18.Nov.2011,5.51
21.Nov.2011,5.46
22.Nov.2011,5.47
23.Nov.2011,5.41
24.Nov.2011,5.38
25.Nov.2011,5.31
28.Nov.2011,5.39
29.Nov.2011,5.35
30.Nov.2011,5.40
01.Dec.2011,5.44
02.Dec.2011,5.40
05.Dec.2011,5.38
06.Dec.2011,5.34
07.Dec.2011,5.35
08.Dec.2011,
09.Dec.2011,5.34
12.Dec.2011,5.32
13.Dec.2011,5.31
14.Dec.2011,5.27
15.Dec.2011,5.26
16.Dec.2011,5.25
19.Dec.2011,5.23
20.Dec.2011,5.28
21.Dec.2011,5.29
22.Dec.2011,5.29
23.Dec.2011,
26.Dec.2011,5.27
27.Dec.2011,5.23
28.Dec.2011,5.19
29.Dec.2011,5.19
30.Dec.2011,5.19
02.Jan.2012,5.19
03.Jan.2012,5.20
04.Jan.2012,5.19
05.Jan.2012,5.16
06.Jan.2012,
09.Jan.2012,5.21
10.Jan.2012,
11.Jan.2012,5.18
12.Jan.2012,5.15
13.Jan.2012,5.12
16.Jan.2012,5.04
17.Jan.2012,5.06
18.Jan.2012,5.01
19.Jan.2012,5.03
20.Jan.2012,5.01
23.Jan.2012,5.00
24.Jan.2012,4.99
25.Jan.2012,4.99
26.Jan.2012,4.96
27.Jan.2012,4.98
30.Jan.2012,4.98
31.Jan.2012,4.99
01.Feb.2012,5.02
02.Feb.2012,5.07
03.Feb.2012,5.14
06.Feb.2012,5.20
07.Feb.2012,5.21
08.Feb.2012,5.25
09.Feb.2012,5.25
10.Feb.2012,5.20
13.Feb.2012,5.19
14.Feb.2012,5.19
15.Feb.2012,5.24
16.Feb.2012,5.22
17.Feb.2012,5.25
20.Feb.2012,5.29
21.Feb.2012,5.38
22.Feb.2012,5.48
23.Feb.2012,5.46
24.Feb.2012,5.53
27.Feb.2012,5.50
28.Feb.2012,5.55
29.Feb.2012,5.56
01.Mar.2012,5.59
02.Mar.2012,5.51
05.Mar.2012,5.49
06.Mar.2012,5.47
07.Mar.2012,5.48
08.Mar.2012,5.61
09.Mar.2012,5.63
12.Mar.2012,5.72
13.Mar.2012,5.79
14.Mar.2012,5.87
15.Mar.2012,5.84
16.Mar.2012,5.89
19.Mar.2012,5.96
20.Mar.2012,5.95
21.Mar.2012,5.98
22.Mar.2012,5.86
23.Mar.2012,5.89
26.Mar.2012,5.95
27.Mar.2012,5.95
28.Mar.2012,5.93
29.Mar.2012,5.96
30.Mar.2012,6.00
02.Apr.2012,5.97
03.Apr.2012,5.97
04.Apr.2012,5.97
05.Apr.2012,5.91
06.Apr.2012,
09.Apr.2012,5.87
10.Apr.2012,5.84
11.Apr.2012,5.89
12.Apr.2012,5.88
13.Apr.2012,5.84
16.Apr.2012,5.82
17.Apr.2012,5.81
18.Apr.2012,5.76
19.Apr.2012,5.73
20.Apr.2012,5.77
23.Apr.2012,5.72
24.Apr.2012,5.75
25.Apr.2012,5.77
26.Apr.2012,5.73
27.Apr.2012,5.72
30.Apr.2012,5.72
01.May.2012,
02.May.2012,5.68
03.May.2012,5.72
04.May.2012,5.69
07.May.2012,5.71
08.May.2012,5.67
09.May.2012,5.63
10.May.2012,5.65
11.May.2012,5.64
14.May.2012,5.61
15.May.2012,5.58
16.May.2012,5.52
17.May.2012,5.42
18.May.2012,5.41
21.May.2012,
22.May.2012,5.47
23.May.2012,5.40
24.May.2012,5.39
25.May.2012,5.30
28.May.2012,5.31
29.May.2012,5.34
30.May.2012,5.30
31.May.2012,5.28
01.Jun.2012,5.26
04.Jun.2012,5.32
05.Jun.2012,5.35
06.Jun.2012,5.44
07.Jun.2012,5.42
08.Jun.2012,5.37
11.Jun.2012,5.40
12.Jun.2012,5.40
13.Jun.2012,5.38
14.Jun.2012,5.33
15.Jun.2012,5.34
18.Jun.2012,5.38
19.Jun.2012,5.45
20.Jun.2012,5.42
21.Jun.2012,5.37
22.Jun.2012,5.35
25.Jun.2012,5.29
26.Jun.2012,5.28
27.Jun.2012,5.30
28.Jun.2012,5.25
29.Jun.2012,5.32
02.Jul.2012,
03.Jul.2012,5.34
04.Jul.2012,5.35
05.Jul.2012,5.32
06.Jul.2012,5.20
09.Jul.2012,5.22
10.Jul.2012,5.22
11.Jul.2012,5.20
12.Jul.2012,5.16
13.Jul.2012,5.17
16.Jul.2012,
17.Jul.2012,5.18
18.Jul.2012,5.16
19.Jul.2012,5.17
20.Jul.2012,5.18
23.Jul.2012,5.16
24.Jul.2012,5.16
25.Jul.2012,5.16
26.Jul.2012,5.17
27.Jul.2012,5.19
30.Jul.2012,5.21
31.Jul.2012,5.24
01.Aug.2012,5.24
02.Aug.2012,5.20
03.Aug.2012,5.25
06.Aug.2012,5.29
07.Aug.2012,5.30
08.Aug.2012,5.32
09.Aug.2012,5.31
10.Aug.2012,5.31
13.Aug.2012,5.31
14.Aug.2012,5.33
15.Aug.2012,
16.Aug.2012,5.37
17.Aug.2012,5.39
20.Aug.2012,5.37
21.Aug.2012,5.39
22.Aug.2012,5.35
23.Aug.2012,5.32
24.Aug.2012,5.33
27.Aug.2012,5.35
28.Aug.2012,5.33
29.Aug.2012,5.32
30.Aug.2012,5.29
31.Aug.2012,5.29
03.Sep.2012,5.28
04.Sep.2012,5.28
05.Sep.2012,5.25
06.Sep.2012,5.30
07.Sep.2012,5.30
10.Sep.2012,5.32
11.Sep.2012,5.34
12.Sep.2012,5.36
13.Sep.2012,5.36
14.Sep.2012,5.44
17.Sep.2012,
18.Sep.2012,
19.Sep.2012,
20.Sep.2012,5.41
21.Sep.2012,5.42
24.Sep.2012,5.39
25.Sep.2012,5.40
26.Sep.2012,5.37
27.Sep.2012,5.38
28.Sep.2012,5.39
01.Oct.2012,5.44
02.Oct.2012,5.43
03.Oct.2012,5.41
04.Oct.2012,5.39
05.Oct.2012,5.41
08.Oct.2012,5.44
09.Oct.2012,5.41
10.Oct.2012,5.38
11.Oct.2012,5.38
12.Oct.2012,5.38
15.Oct.2012,
16.Oct.2012,5.40
17.Oct.2012,5.40
18.Oct.2012,5.39
19.Oct.2012,5.39
22.Oct.2012,5.40
23.Oct.2012,5.38
24.Oct.2012,5.39
25.Oct.2012,5.41
26.Oct.2012,5.42
29.Oct.2012,5.42
30.Oct.2012,5.42
31.Oct.2012,5.44
01.Nov.2012,
02.Nov.2012,
05.Nov.2012,5.45
06.Nov.2012,5.45
07.Nov.2012,5.44
08.Nov.2012,5.46
09.Nov.2012,5.45
12.Nov.2012,5.43
13.Nov.2012,5.41
14.Nov.2012,5.42
15.Nov.2012,5.41
16.Nov.2012,5.42
19.Nov.2012,5.44
20.Nov.2012,5.47
21.Nov.2012,5.50
22.Nov.2012,5.55
23.Nov.2012,5.58
26.Nov.2012,5.56
27.Nov.2012,5.54
28.Nov.2012,5.50
29.Nov.2012,5.51
30.Nov.2012,5.53
03.Dec.2012,5.55
04.Dec.2012,5.57
05.Dec.2012,5.56
06.Dec.2012,5.56
07.Dec.2012,5.50
10.Dec.2012,5.50
11.Dec.2012,5.49
12.Dec.2012,5.49
13.Dec.2012,5.47
14.Dec.2012,5.49
17.Dec.2012,5.49
18.Dec.2012,5.51
19.Dec.2012,5.49
20.Dec.2012,5.51
21.Dec.2012,
24.Dec.2012,5.50
25.Dec.2012,
26.Dec.2012,5.49
27.Dec.2012,5.50
28.Dec.2012,5.49
31.Dec.2012,
01.Jan.2013,
02.Jan.2013,5.52
03.Jan.2013,5.51
04.Jan.2013,
07.Jan.2013,
08.Jan.2013,5.59
09.Jan.2013,
10.Jan.2013,5.67
11.Jan.2013,5.65
14.Jan.2013,5.72
15.Jan.2013,5.69
16.Jan.2013,5.67
17.Jan.2013,5.65
18.Jan.2013,5.65
21.Jan.2013,5.65
22.Jan.2013,
23.Jan.2013,
24.Jan.2013,5.58
25.Jan.2013,5.55
28.Jan.2013,5.57
29.Jan.2013,5.57
30.Jan.2013,5.62
31.Jan.2013,5.63
01.Feb.2013,5.68
04.Feb.2013,
05.Feb.2013,5.69
06.Feb.2013,5.69
07.Feb.2013,5.69
08.Feb.2013,5.69
11.Feb.2013,5.70
12.Feb.2013,5.67
13.Feb.2013,5.67
14.Feb.2013,5.66
15.Feb.2013,5.68
18.Feb.2013,5.68
19.Feb.2013,5.67
20.Feb.2013,5.68
21.Feb.2013,5.66
22.Feb.2013,
25.Feb.2013,5.66
26.Feb.2013,5.61
27.Feb.2013,5.60
28.Feb.2013,
01.Mar.2013,
04.Mar.2013,5.60
05.Mar.2013,5.62
06.Mar.2013,5.62
07.Mar.2013,5.65
08.Mar.2013,5.62
11.Mar.2013,5.63
12.Mar.2013,5.60
13.Mar.2013,5.63
14.Mar.2013,5.62
15.Mar.2013,
18.Mar.2013,
19.Mar.2013,5.59
20.Mar.2013,5.60
21.Mar.2013,5.57
22.Mar.2013,5.58
25.Mar.2013,5.58
26.Mar.2013,5.55
27.Mar.2013,5.55
28.Mar.2013,
29.Mar.2013,
01.Apr.2013,5.51
02.Apr.2013,5.51
03.Apr.2013,5.50
04.Apr.2013,5.49
05.Apr.2013,5.41
08.Apr.2013,5.33
09.Apr.2013,5.30
10.Apr.2013,5.29
11.Apr.2013,5.29
12.Apr.2013,5.20
15.Apr.2013,5.11
16.Apr.2013,5.15
17.Apr.2013,5.14
18.Apr.2013,5.17
19.Apr.2013,5.20
22.Apr.2013,5.20
23.Apr.2013,5.19
24.Apr.2013,5.23
25.Apr.2013,5.25
26.Apr.2013,5.24
29.Apr.2013,5.25
30.Apr.2013,5.21
01.May.2013,
02.May.2013,5.19
03.May.2013,5.21
06.May.2013,5.23
07.May.2013,5.26
08.May.2013,5.17
09.May.2013,5.18
10.May.2013,5.13
13.May.2013,5.11
14.May.2013,5.10
15.May.2013,5.09
16.May.2013,5.09
17.May.2013,5.09
20.May.2013,5.09
21.May.2013,
22.May.2013,5.12
23.May.2013,5.18
24.May.2013,5.18
27.May.2013,5.19
28.May.2013,5.22
29.May.2013,5.21
30.May.2013,5.26
31.May.2013,5.23
03.Jun.2013,5.14
04.Jun.2013,5.14
05.Jun.2013,5.14
06.Jun.2013,5.15
07.Jun.2013,5.16
10.Jun.2013,5.22
11.Jun.2013,5.27
12.Jun.2013,5.25
13.Jun.2013,5.22
14.Jun.2013,5.25
17.Jun.2013,5.27
18.Jun.2013,5.31
19.Jun.2013,5.33
20.Jun.2013,5.39
21.Jun.2013,5.38
24.Jun.2013,5.41
25.Jun.2013,5.37
26.Jun.2013,5.38
27.Jun.2013,5.37
28.Jun.2013,5.36
01.Jul.2013,5.35
02.Jul.2013,5.33
03.Jul.2013,5.32
04.Jul.2013,5.30
05.Jul.2013,5.30
08.Jul.2013,5.30
09.Jul.2013,5.29
10.Jul.2013,5.24
11.Jul.2013,5.24
12.Jul.2013,5.22
15.Jul.2013,5.22
16.Jul.2013,
17.Jul.2013,5.24
18.Jul.2013,5.33
19.Jul.2013,5.33
22.Jul.2013,5.35
23.Jul.2013,5.38
24.Jul.2013,5.38
25.Jul.2013,5.31
26.Jul.2013,5.29
29.Jul.2013,5.26
30.Jul.2013,5.24
31.Jul.2013,5.26
01.Aug.2013,5.28
02.Aug.2013,5.26
05.Aug.2013,5.29
06.Aug.2013,5.28
07.Aug.2013,5.24
08.Aug.2013,5.27
09.Aug.2013,5.28
12.Aug.2013,5.28
13.Aug.2013,5.30
14.Aug.2013,5.28
15.Aug.2013,
16.Aug.2013,5.28
19.Aug.2013,5.25
20.Aug.2013,5.25
21.Aug.2013,5.25
22.Aug.2013,5.27
23.Aug.2013,5.28
26.Aug.2013,5.27
27.Aug.2013,5.26
28.Aug.2013,5.24
29.Aug.2013,5.27
30.Aug.2013,5.28
02.Sep.2013,5.28
03.Sep.2013,5.28
04.Sep.2013,5.28
05.Sep.2013,5.28
06.Sep.2013,5.24
09.Sep.2013,5.28
10.Sep.2013,5.28
11.Sep.2013,5.26
12.Sep.2013,5.26
13.Sep.2013,
16.Sep.2013,5.28
17.Sep.2013,5.28
18.Sep.2013,
19.Sep.2013,
20.Sep.2013,
23.Sep.2013,5.26
24.Sep.2013,5.25
25.Sep.2013,5.25
26.Sep.2013,5.26
27.Sep.2013,5.26
30.Sep.2013,5.25
01.Oct.2013,5.25
02.Oct.2013,5.24
03.Oct.2013,5.23
04.Oct.2013,5.23
07.Oct.2013,5.24
08.Oct.2013,5.25
09.Oct.2013,5.23
10.Oct.2013,5.23
11.Oct.2013,5.21
14.Oct.2013,5.20
15.Oct.2013,5.20
16.Oct.2013,5.22
17.Oct.2013,5.21
18.Oct.2013,5.13
21.Oct.2013,5.12
22.Oct.2013,5.09
23.Oct.2013,5.08
24.Oct.2013,5.07
25.Oct.2013,5.06
28.Oct.2013,5.04
29.Oct.2013,5.00
30.Oct.2013,4.99
31.Oct.2013,
01.Nov.2013,
04.Nov.2013,5.00
05.Nov.2013,4.99
06.Nov.2013,4.97
07.Nov.2013,4.92
08.Nov.2013,4.92
11.Nov.2013,4.93
12.Nov.2013,4.94
13.Nov.2013,4.93
14.Nov.2013,4.90
15.Nov.2013,4.87
18.Nov.2013,4.90
19.Nov.2013,4.91
20.Nov.2013,4.89
21.Nov.2013,4.93
22.Nov.2013,4.98
25.Nov.2013,5.04
26.Nov.2013,5.07
27.Nov.2013,5.06
28.Nov.2013,5.07
29.Nov.2013,5.09
02.Dec.2013,5.06
03.Dec.2013,5.07
04.Dec.2013,5.08
05.Dec.2013,5.06
06.Dec.2013,5.09
09.Dec.2013,5.10
10.Dec.2013,5.13
11.Dec.2013,5.13
12.Dec.2013,5.13
13.Dec.2013,5.16
16.Dec.2013,5.17
17.Dec.2013,5.16
18.Dec.2013,5.16
19.Dec.2013,5.19
20.Dec.2013,5.21
23.Dec.2013,5.21
24.Dec.2013,
25.Dec.2013,
26.Dec.2013,5.22
27.Dec.2013,
30.Dec.2013,5.18
31.Dec.2013,
01.Jan.2014,
02.Jan.2014,5.20
03.Jan.2014,5.21
06.Jan.2014,
07.Jan.2014,5.18
08.Jan.2014,5.16
09.Jan.2014,5.13
10.Jan.2014,5.11
13.Jan.2014,5.10
14.Jan.2014,5.09
15.Jan.2014,5.08
16.Jan.2014,5.04
17.Jan.2014,5.04
20.Jan.2014,5.03
21.Jan.2014,4.98
22.Jan.2014,5.00
23.Jan.2014,5.01
24.Jan.2014,4.97
27.Jan.2014,4.94
28.Jan.2014,4.96
29.Jan.2014,4.95
30.Jan.2014,4.97
31.Jan.2014,
03.Feb.2014,5.01
04.Feb.2014,
05.Feb.2014,
06.Feb.2014,
07.Feb.2014,5.00
10.Feb.2014,5.00
11.Feb.2014,5.00
12.Feb.2014,
13.Feb.2014,5.01
14.Feb.2014,
17.Feb.2014,
18.Feb.2014,
19.Feb.2014,4.97
20.Feb.2014,
21.Feb.2014,
24.Feb.2014,4.98
25.Feb.2014,
26.Feb.2014,
27.Feb.2014,
28.Feb.2014,5.03
03.Mar.2014,
04.Mar.2014,5.04
05.Mar.2014,5.01
06.Mar.2014,5.02
07.Mar.2014,5.07
10.Mar.2014,4.99
11.Mar.2014,5.01
12.Mar.2014,4.95
13.Mar.2014,4.94
14.Mar.2014,5.01
17.Mar.2014,5.02
18.Mar.2014,
19.Mar.2014,4.99
20.Mar.2014,5.00
21.Mar.2014,5.04
24.Mar.2014,5.04
25.Mar.2014,5.05
26.Mar.2014,5.04
27.Mar.2014,5.05
28.Mar.2014,5.03
31.Mar.2014,5.05
01.Apr.2014,5.02
02.Apr.2014,
03.Apr.2014,4.99
04.Apr.2014,4.96
07.Apr.2014,4.98
08.Apr.2014,
09.Apr.2014,4.91
10.Apr.2014,4.88
11.Apr.2014,
14.Apr.2014,4.90
15.Apr.2014,
16.Apr.2014,4.91
17.Apr.2014,
18.Apr.2014,
21.Apr.2014,4.92
22.Apr.2014,4.91
23.Apr.2014,4.87
24.Apr.2014,4.85
25.Apr.2014,4.89
28.Apr.2014,4.89
29.Apr.2014,4.89
30.Apr.2014,4.86
01.May.2014,
02.May.2014,4.83
05.May.2014,4.88
06.May.2014,4.91
07.May.2014,4.93
08.May.2014,4.96
09.May.2014,4.97
12.May.2014,4.98
13.May.2014,4.98
14.May.2014,4.99
15.May.2014,4.95
16.May.2014,4.96
19.May.2014,4.98
20.May.2014,4.99
21.May.2014,
22.May.2014,4.98
23.May.2014,4.99
26.May.2014,4.99
27.May.2014,4.99
28.May.2014,4.98
29.May.2014,4.98
30.May.2014,4.96
02.Jun.2014,4.96
03.Jun.2014,4.96
04.Jun.2014,4.95
05.Jun.2014,4.92
06.Jun.2014,4.90
09.Jun.2014,4.87
10.Jun.2014,4.87
11.Jun.2014,4.85
12.Jun.2014,4.83
13.Jun.2014,4.84
16.Jun.2014,4.83
17.Jun.2014,4.84
18.Jun.2014,4.84
19.Jun.2014,4.82
20.Jun.2014,4.84
23.Jun.2014,
24.Jun.2014,4.84
25.Jun.2014,4.82
26.Jun.2014,4.81
27.Jun.2014,4.77
30.Jun.2014,4.77
01.Jul.2014,4.77
02.Jul.2014,4.75
03.Jul.2014,4.77
04.Jul.2014,4.77
07.Jul.2014,4.75
08.Jul.2014,4.70
09.Jul.2014,4.68
10.Jul.2014,4.65
11.Jul.2014,4.66
14.Jul.2014,4.64
15.Jul.2014,4.64
16.Jul.2014,
17.Jul.2014,4.61
18.Jul.2014,4.66
21.Jul.2014,4.61
22.Jul.2014,4.66
23.Jul.2014,4.57
24.Jul.2014,4.62
25.Jul.2014,4.61
28.Jul.2014,4.63
29.Jul.2014,4.52
30.Jul.2014,4.64
31.Jul.2014,4.66
01.Aug.2014,4.65
04.Aug.2014,4.64
05.Aug.2014,4.55
06.Aug.2014,4.54
07.Aug.2014,4.37
08.Aug.2014,4.33
11.Aug.2014,4.26
12.Aug.2014,4.29
13.Aug.2014,4.24
14.Aug.2014,4.21
15.Aug.2014,
18.Aug.2014,4.28
19.Aug.2014,4.24
20.Aug.2014,4.26
21.Aug.2014,4.29
22.Aug.2014,4.34
25.Aug.2014,4.35
26.Aug.2014,4.30
27.Aug.2014,4.25
28.Aug.2014,4.23
29.Aug.2014,4.24
01.Sep.2014,4.23
02.Sep.2014,4.27
03.Sep.2014,4.37
04.Sep.2014,4.38
05.Sep.2014,4.57
08.Sep.2014,4.60
09.Sep.2014,4.58
10.Sep.2014,4.58
11.Sep.2014,4.63
12.Sep.2014,4.73
15.Sep.2014,4.67
16.Sep.2014,4.62
17.Sep.2014,
18.Sep.2014,
19.Sep.2014,
22.Sep.2014,4.67
23.Sep.2014,4.66
24.Sep.2014,4.65
25.Sep.2014,4.70
26.Sep.2014,4.72
29.Sep.2014,4.78
30.Sep.2014,4.81
01.Oct.2014,4.86
02.Oct.2014,4.83
03.Oct.2014,4.85
06.Oct.2014,4.86
07.Oct.2014,4.90
08.Oct.2014,4.90
09.Oct.2014,4.79
10.Oct.2014,4.74
13.Oct.2014,4.71
14.Oct.2014,4.58
15.Oct.2014,4.47
16.Oct.2014,4.57
17.Oct.2014,4.62
20.Oct.2014,4.58
21.Oct.2014,4.54
22.Oct.2014,4.52
23.Oct.2014,4.46
24.Oct.2014,4.43
27.Oct.2014,4.43
28.Oct.2014,4.41
29.Oct.2014,4.45
30.Oct.2014,4.45
31.Oct.2014,
03.Nov.2014,4.52
04.Nov.2014,4.47
05.Nov.2014,4.44
06.Nov.2014,4.44
07.Nov.2014,4.52
10.Nov.2014,4.51
11.Nov.2014,4.52
12.Nov.2014,4.50
13.Nov.2014,4.50
14.Nov.2014,4.48
17.Nov.2014,4.47
18.Nov.2014,4.43
19.Nov.2014,4.38
20.Nov.2014,4.38
21.Nov.2014,4.38
24.Nov.2014,4.39
25.Nov.2014,4.38
26.Nov.2014,4.36
27.Nov.2014,4.37
28.Nov.2014,4.38
01.Dec.2014,4.36
02.Dec.2014,4.38
03.Dec.2014,4.39
04.Dec.2014,4.41
05.Dec.2014,4.43
08.Dec.2014,
09.Dec.2014,4.40
10.Dec.2014,4.38
11.Dec.2014,4.36
12.Dec.2014,4.33
15.Dec.2014,4.32
16.Dec.2014,4.32
17.Dec.2014,4.34
18.Dec.2014,4.36
19.Dec.2014,4.34
22.Dec.2014,4.35
23.Dec.2014,4.36
24.Dec.2014,4.37
25.Dec.2014,
26.Dec.2014,4.37
29.Dec.2014,4.36
30.Dec.2014,4.33
31.Dec.2014,
01.Jan.2015,
02.Jan.2015,
05.Jan.2015,4.35
06.Jan.2015,4.02
07.Jan.2015,4.29
08.Jan.2015,4.26
09.Jan.2015,4.27
12.Jan.2015,4.25
13.Jan.2015,4.23
14.Jan.2015,4.20
15.Jan.2015,4.20
16.Jan.2015,4.20
19.Jan.2015,4.18
20.Jan.2015,4.10
21.Jan.2015,4.15
22.Jan.2015,4.14
23.Jan.2015,4.13
26.Jan.2015,4.14
27.Jan.2015,4.15
28.Jan.2015,4.11
29.Jan.2015,4.16
30.Jan.2015,4.15
02.Feb.2015,4.14
03.Feb.2015,4.12
04.Feb.2015,4.14
05.Feb.2015,4.18
06.Feb.2015,4.26
09.Feb.2015,4.27
10.Feb.2015,4.27
11.Feb.2015,4.25
12.Feb.2015,4.23
13.Feb.2015,4.23
16.Feb.2015,4.21
17.Feb.2015,4.19
18.Feb.2015,4.19
19.Feb.2015,4.20
20.Feb.2015,4.20
23.Feb.2015,4.20
24.Feb.2015,4.20
25.Feb.2015,4.20
26.Feb.2015,4.20
27.Feb.2015,4.20
02.Mar.2015,4.22
03.Mar.2015,4.26
04.Mar.2015,4.28
05.Mar.2015,4.26
06.Mar.2015,4.37
09.Mar.2015,4.33
10.Mar.2015,4.30
11.Mar.2015,4.34
12.Mar.2015,4.29
13.Mar.2015,4.30
16.Mar.2015,4.34
17.Mar.2015,4.36
18.Mar.2015,4.39
19.Mar.2015,4.36
20.Mar.2015,4.38
23.Mar.2015,4.36
24.Mar.2015,4.36
25.Mar.2015,4.37
26.Mar.2015,4.40
27.Mar.2015,4.40
30.Mar.2015,4.45
31.Mar.2015,4.44
01.Apr.2015,4.47
02.Apr.2015,4.50
03.Apr.2015,
06.Apr.2015,4.52
07.Apr.2015,
08.Apr.2015,4.47
09.Apr.2015,4.49
10.Apr.2015,4.56
13.Apr.2015,4.46
14.Apr.2015,4.55
15.Apr.2015,4.54
16.Apr.2015,4.53
17.Apr.2015,4.55
20.Apr.2015,4.52
21.Apr.2015,4.50
22.Apr.2015,4.45
23.Apr.2015,4.46
24.Apr.2015,4.46
27.Apr.2015,4.46
28.Apr.2015,4.45
29.Apr.2015,4.45
30.Apr.2015,4.45
01.May.2015,
04.May.2015,4.45
05.May.2015,4.50
06.May.2015,4.53
07.May.2015,4.52
08.May.2015,4.55
11.May.2015,4.57
12.May.2015,4.63
13.May.2015,4.59
14.May.2015,4.59
15.May.2015,4.56
18.May.2015,4.57
19.May.2015,4.59
20.May.2015,4.57
21.May.2015,
22.May.2015,4.56
25.May.2015,4.57
26.May.2015,4.55
27.May.2015,4.56
28.May.2015,4.56
29.May.2015,4.56
01.Jun.2015,4.56
02.Jun.2015,4.60
03.Jun.2015,4.61
04.Jun.2015,4.60
05.Jun.2015,4.61
08.Jun.2015,4.60
09.Jun.2015,4.56
10.Jun.2015,4.65
11.Jun.2015,4.60
12.Jun.2015,
15.Jun.2015,4.63
16.Jun.2015,4.70
17.Jun.2015,4.73
18.Jun.2015,4.71
19.Jun.2015,4.68
22.Jun.2015,4.69
23.Jun.2015,4.71
24.Jun.2015,4.74
25.Jun.2015,4.73
26.Jun.2015,4.69
29.Jun.2015,
30.Jun.2015,4.69
01.Jul.2015,4.68
02.Jul.2015,4.61
03.Jul.2015,4.67
06.Jul.2015,4.67
07.Jul.2015,4.60
08.Jul.2015,4.61
09.Jul.2015,4.52
10.Jul.2015,4.54
13.Jul.2015,4.54
14.Jul.2015,4.51
15.Jul.2015,4.47
16.Jul.2015,
17.Jul.2015,4.53
20.Jul.2015,4.53
21.Jul.2015,4.54
22.Jul.2015,4.51
23.Jul.2015,4.52
24.Jul.2015,4.48
27.Jul.2015,4.51
28.Jul.2015,4.53
29.Jul.2015,4.51
30.Jul.2015,4.54
31.Jul.2015,4.49
03.Aug.2015,4.51
04.Aug.2015,4.51
05.Aug.2015,4.57
06.Aug.2015,4.60
07.Aug.2015,4.53
10.Aug.2015,4.53
11.Aug.2015,4.54
12.Aug.2015,4.53
13.Aug.2015,4.54
14.Aug.2015,4.51
17.Aug.2015,4.48
18.Aug.2015,4.49
19.Aug.2015,4.52
20.Aug.2015,4.51
21.Aug.2015,4.48
24.Aug.2015,4.49
25.Aug.2015,4.51
26.Aug.2015,4.50
27.Aug.2015,4.50
28.Aug.2015,4.48
31.Aug.2015,4.47
01.Sep.2015,4.48
02.Sep.2015,4.53
03.Sep.2015,4.54
04.Sep.2015,4.53
07.Sep.2015,4.54
08.Sep.2015,4.67
09.Sep.2015,4.67
10.Sep.2015,4.64
11.Sep.2015,4.61
14.Sep.2015,4.64
15.Sep.2015,4.66
16.Sep.2015,4.69
17.Sep.2015,4.69
18.Sep.2015,
21.Sep.2015,4.65
22.Sep.2015,4.64
23.Sep.2015,4.64
24.Sep.2015,4.62
25.Sep.2015,4.62
28.Sep.2015,4.59
29.Sep.2015,4.56
30.Sep.2015,4.53
01.Oct.2015,4.52
02.Oct.2015,4.46
05.Oct.2015,4.46
06.Oct.2015,4.48
07.Oct.2015,4.48
08.Oct.2015,4.44
09.Oct.2015,4.45
12.Oct.2015,
13.Oct.2015,4.45
14.Oct.2015,4.45
15.Oct.2015,4.45
16.Oct.2015,4.45
19.Oct.2015,4.46
20.Oct.2015,4.48
21.Oct.2015,4.47
22.Oct.2015,4.47
23.Oct.2015,4.47
26.Oct.2015,4.47
27.Oct.2015,4.47
28.Oct.2015,4.44
29.Oct.2015,4.48
30.Oct.2015,4.49
02.Nov.2015,4.54
03.Nov.2015,4.52
04.Nov.2015,4.49
05.Nov.2015,4.50
06.Nov.2015,4.54
09.Nov.2015,4.62
10.Nov.2015,4.67
11.Nov.2015,4.64
12.Nov.2015,4.63
13.Nov.2015,4.62
16.Nov.2015,4.58
17.Nov.2015,4.56
18.Nov.2015,4.57
19.Nov.2015,4.54
20.Nov.2015,4.55
23.Nov.2015,4.52
24.Nov.2015,4.54
25.Nov.2015,4.51
26.Nov.2015,4.55
27.Nov.2015,4.62
30.Nov.2015,4.57
01.Dec.2015,4.60
02.Dec.2015,4.60
03.Dec.2015,4.62
04.Dec.2015,4.61
07.Dec.2015,4.61
08.Dec.2015,
09.Dec.2015,4.58
10.Dec.2015,4.61
11.Dec.2015,4.63
14.Dec.2015,4.63
15.Dec.2015,4.65
16.Dec.2015,4.66
17.Dec.2015,4.63
18.Dec.2015,4.63
21.Dec.2015,4.64
22.Dec.2015,4.64
23.Dec.2015,4.65
24.Dec.2015,
25.Dec.2015,
28.Dec.2015,4.64
29.Dec.2015,4.66
30.Dec.2015,
31.Dec.2015,
01.Jan.2016,
04.Jan.2016,4.60
05.Jan.2016,4.61
06.Jan.2016,4.58
07.Jan.2016,4.57
08.Jan.2016,4.59
11.Jan.2016,4.57
12.Jan.2016,4.58
13.Jan.2016,4.56
14.Jan.2016,4.59
15.Jan.2016,4.54
18.Jan.2016,4.49
19.Jan.2016,4.56
20.Jan.2016,4.56
21.Jan.2016,4.56
22.Jan.2016,4.62
25.Jan.2016,4.58
26.Jan.2016,4.53
27.Jan.2016,4.60
28.Jan.2016,4.49
29.Jan.2016,4.48
01.Feb.2016,4.50
02.Feb.2016,4.44
03.Feb.2016,4.47
04.Feb.2016,4.45
05.Feb.2016,4.46
08.Feb.2016,4.47
09.Feb.2016,4.41
10.Feb.2016,4.45
11.Feb.2016,4.41
12.Feb.2016,4.44
15.Feb.2016,4.44
16.Feb.2016,4.45
17.Feb.2016,4.45
18.Feb.2016,4.46
19.Feb.2016,4.45
22.Feb.2016,
23.Feb.2016,4.45
24.Feb.2016,4.44
25.Feb.2016,4.44
26.Feb.2016,4.43
29.Feb.2016,4.41
01.Mar.2016,4.43
02.Mar.2016,4.44
03.Mar.2016,4.44
04.Mar.2016,4.44
07.Mar.2016,4.45
08.Mar.2016,4.44
09.Mar.2016,4.45
10.Mar.2016,4.44
11.Mar.2016,4.45
14.Mar.2016,
15.Mar.2016,4.45
16.Mar.2016,4.44
17.Mar.2016,4.43
18.Mar.2016,
21.Mar.2016,
22.Mar.2016,4.44
23.Mar.2016,4.44
24.Mar.2016,4.45
25.Mar.2016,
28.Mar.2016,
29.Mar.2016,4.42
30.Mar.2016,4.42
31.Mar.2016,4.43
01.Apr.2016,4.42
04.Apr.2016,4.43
05.Apr.2016,4.43
06.Apr.2016,
07.Apr.2016,4.42
08.Apr.2016,4.40
11.Apr.2016,
12.Apr.2016,4.39
13.Apr.2016,4.37
14.Apr.2016,4.36
15.Apr.2016,4.37
18.Apr.2016,4.35
19.Apr.2016,4.35
20.Apr.2016,
21.Apr.2016,4.38
22.Apr.2016,4.39
25.Apr.2016,4.38
26.Apr.2016,4.39
27.Apr.2016,4.41
28.Apr.2016,4.42
29.Apr.2016,4.42
02.May.2016,4.42
03.May.2016,4.41
04.May.2016,4.41
05.May.2016,4.41
06.May.2016,4.40
09.May.2016,4.41
10.May.2016,4.43
11.May.2016,4.45
12.May.2016,4.47
13.May.2016,4.50
16.May.2016,4.52
17.May.2016,4.53
18.May.2016,4.53
19.May.2016,4.56
20.May.2016,4.56
23.May.2016,4.59
24.May.2016,4.59
25.May.2016,4.58
26.May.2016,4.56
27.May.2016,4.56
30.May.2016,4.57
31.May.2016,4.58
01.Jun.2016,4.59
02.Jun.2016,4.56
03.Jun.2016,4.56
06.Jun.2016,4.53
07.Jun.2016,4.55
08.Jun.2016,4.53
09.Jun.2016,4.56
10.Jun.2016,4.56
13.Jun.2016,4.55
14.Jun.2016,4.54
15.Jun.2016,4.54
16.Jun.2016,4.53
17.Jun.2016,4.54
20.Jun.2016,4.56
21.Jun.2016,4.58
22.Jun.2016,4.58
23.Jun.2016,4.58
24.Jun.2016,4.55
27.Jun.2016,
28.Jun.2016,4.53
29.Jun.2016,4.49
30.Jun.2016,4.46
01.Jul.2016,4.44
04.Jul.2016,4.42
05.Jul.2016,4.39
06.Jul.2016,4.39
07.Jul.2016,4.41
08.Jul.2016,4.39
11.Jul.2016,4.36
12.Jul.2016,4.37
13.Jul.2016,4.39
14.Jul.2016,4.38
15.Jul.2016,4.38
18.Jul.2016,4.38
19.Jul.2016,4.39
20.Jul.2016,4.39
21.Jul.2016,4.40
22.Jul.2016,4.41
25.Jul.2016,4.45
26.Jul.2016,4.47
27.Jul.2016,4.47
28.Jul.2016,4.46
29.Jul.2016,4.41
01.Aug.2016,4.40
02.Aug.2016,4.39
03.Aug.2016,4.39
04.Aug.2016,4.36
05.Aug.2016,4.36
08.Aug.2016,4.38
09.Aug.2016,4.36
10.Aug.2016,4.33
11.Aug.2016,4.31
12.Aug.2016,4.24
15.Aug.2016,
16.Aug.2016,4.24
17.Aug.2016,4.26
18.Aug.2016,4.24
19.Aug.2016,4.26
22.Aug.2016,4.25
23.Aug.2016,4.24
24.Aug.2016,4.24
25.Aug.2016,4.22
26.Aug.2016,4.20
29.Aug.2016,4.21
30.Aug.2016,4.22
31.Aug.2016,4.24
01.Sep.2016,4.27
02.Sep.2016,4.26
05.Sep.2016,4.24
06.Sep.2016,4.22
07.Sep.2016,4.18
08.Sep.2016,4.17
09.Sep.2016,4.22
12.Sep.2016,4.25
13.Sep.2016,4.25
14.Sep.2016,4.27
15.Sep.2016,4.24
16.Sep.2016,4.26
19.Sep.2016,
20.Sep.2016,4.25
21.Sep.2016,4.25
22.Sep.2016,4.21
23.Sep.2016,4.21
26.Sep.2016,4.21
27.Sep.2016,4.19
28.Sep.2016,4.21
29.Sep.2016,4.16
30.Sep.2016,4.17
03.Oct.2016,4.18
04.Oct.2016,4.20
05.Oct.2016,4.23
06.Oct.2016,4.24
07.Oct.2016,4.17
10.Oct.2016,
11.Oct.2016,4.17
12.Oct.2016,4.19
13.Oct.2016,4.20
14.Oct.2016,4.22
17.Oct.2016,4.24
18.Oct.2016,4.22
19.Oct.2016,4.20
20.Oct.2016,4.17
21.Oct.2016,4.19
24.Oct.2016,4.19
25.Oct.2016,4.17
26.Oct.2016,4.19
27.Oct.2016,4.22
28.Oct.2016,4.27
31.Oct.2016,
01.Nov.2016,
02.Nov.2016,4.28
03.Nov.2016,4.25
04.Nov.2016,4.22
07.Nov.2016,4.20
08.Nov.2016,4.17
09.Nov.2016,4.17
10.Nov.2016,4.37
11.Nov.2016,4.53
14.Nov.2016,4.74
15.Nov.2016,4.60
16.Nov.2016,4.57
17.Nov.2016,4.58
18.Nov.2016,4.60
21.Nov.2016,4.61
22.Nov.2016,4.58
23.Nov.2016,4.61
24.Nov.2016,4.62
25.Nov.2016,4.63
28.Nov.2016,4.63
29.Nov.2016,4.57
30.Nov.2016,4.50
01.Dec.2016,4.56
02.Dec.2016,4.52
05.Dec.2016,4.45
06.Dec.2016,4.42
07.Dec.2016,4.40
08.Dec.2016,
09.Dec.2016,4.40
12.Dec.2016,4.40
13.Dec.2016,4.36
14.Dec.2016,4.29
15.Dec.2016,4.36
16.Dec.2016,4.36
19.Dec.2016,4.36
20.Dec.2016,4.36
21.Dec.2016,4.35
22.Dec.2016,4.35
23.Dec.2016,4.38
26.Dec.2016,4.36
27.Dec.2016,4.34
28.Dec.2016,4.30
29.Dec.2016,4.28
30.Dec.2016,4.27
02.Jan.2017,
03.Jan.2017,4.23
04.Jan.2017,4.18
05.Jan.2017,4.17
06.Jan.2017,4.12
09.Jan.2017,4.12
10.Jan.2017,4.14
11.Jan.2017,4.13
12.Jan.2017,4.13
13.Jan.2017,4.14
16.Jan.2017,4.15
17.Jan.2017,4.17
18.Jan.2017,4.18
19.Jan.2017,4.20
20.Jan.2017,4.20
23.Jan.2017,4.18
24.Jan.2017,4.18
25.Jan.2017,4.18
26.Jan.2017,
27.Jan.2017,4.18
30.Jan.2017,4.19
31.Jan.2017,4.18
01.Feb.2017,4.17
02.Feb.2017,4.15
03.Feb.2017,4.15
06.Feb.2017,4.12
07.Feb.2017,4.13
08.Feb.2017,4.15
09.Feb.2017,4.13
10.Feb.2017,4.13
13.Feb.2017,4.13
14.Feb.2017,4.12
15.Feb.2017,4.16
16.Feb.2017,4.18
17.Feb.2017,4.17
20.Feb.2017,4.18
21.Feb.2017,4.20
22.Feb.2017,4.19
23.Feb.2017,4.16
24.Feb.2017,4.13
27.Feb.2017,4.14
28.Feb.2017,4.15
01.Mar.2017,4.17
02.Mar.2017,4.17
03.Mar.2017,4.18
06.Mar.2017,4.19
07.Mar.2017,4.22
08.Mar.2017,4.23
09.Mar.2017,4.26
10.Mar.2017,4.28
13.Mar.2017,4.31
14.Mar.2017,4.33
15.Mar.2017,4.37
16.Mar.2017,4.29
17.Mar.2017,4.25
20.Mar.2017,4.22
21.Mar.2017,4.24
22.Mar.2017,4.22
23.Mar.2017,4.14
24.Mar.2017,4.12
27.Mar.2017,4.12
28.Mar.2017,4.11
29.Mar.2017,4.11
30.Mar.2017,4.07
31.Mar.2017,4.03
03.Apr.2017,3.98
04.Apr.2017,3.93
05.Apr.2017,3.93
06.Apr.2017,3.97
07.Apr.2017,3.93
10.Apr.2017,3.90
11.Apr.2017,3.88
12.Apr.2017,3.86
13.Apr.2017,3.84
14.Apr.2017,
17.Apr.2017,3.78
18.Apr.2017,3.83
19.Apr.2017,
20.Apr.2017,3.83
21.Apr.2017,3.87
24.Apr.2017,3.94
25.Apr.2017,3.97
26.Apr.2017,3.96
27.Apr.2017,3.91
28.Apr.2017,3.88
01.May.2017,
02.May.2017,3.89
03.May.2017,3.90
04.May.2017,3.94
05.May.2017,3.97
08.May.2017,3.99
09.May.2017,4.05
10.May.2017,4.02
11.May.2017,4.08
12.May.2017,4.08
15.May.2017,4.06
16.May.2017,4.02
17.May.2017,3.98
18.May.2017,3.96
19.May.2017,3.99
22.May.2017,4.03
23.May.2017,4.06
24.May.2017,4.06
25.May.2017,4.13
26.May.2017,4.16
29.May.2017,4.15
30.May.2017,4.08
31.May.2017,4.01
01.Jun.2017,3.93
02.Jun.2017,3.91
05.Jun.2017,3.93
06.Jun.2017,3.94
07.Jun.2017,3.94
08.Jun.2017,3.99
09.Jun.2017,4.02
12.Jun.2017,3.99
13.Jun.2017,3.98
14.Jun.2017,3.96
15.Jun.2017,3.99
16.Jun.2017,4.03
19.Jun.2017,4.04
20.Jun.2017,4.03
21.Jun.2017,4.06
22.Jun.2017,4.00
23.Jun.2017,4.05
26.Jun.2017,
27.Jun.2017,4.08
28.Jun.2017,4.11
29.Jun.2017,4.11
30.Jun.2017,4.13
03.Jul.2017,4.17
04.Jul.2017,4.19
05.Jul.2017,4.17
06.Jul.2017,4.22
07.Jul.2017,4.16
10.Jul.2017,4.12
11.Jul.2017,4.09
12.Jul.2017,4.09
13.Jul.2017,4.15
14.Jul.2017,4.23
17.Jul.2017,4.26
18.Jul.2017,4.25
19.Jul.2017,4.31
20.Jul.2017,4.30
21.Jul.2017,4.28
24.Jul.2017,4.27
25.Jul.2017,4.28
26.Jul.2017,4.28
27.Jul.2017,4.27
28.Jul.2017,4.27
31.Jul.2017,4.27
01.Aug.2017,4.25
02.Aug.2017,4.26
03.Aug.2017,4.28
04.Aug.2017,4.31
07.Aug.2017,4.32
08.Aug.2017,4.36
09.Aug.2017,4.36
10.Aug.2017,4.35
11.Aug.2017,4.34
14.Aug.2017,4.33
15.Aug.2017,
16.Aug.2017,4.34
17.Aug.2017,4.32
18.Aug.2017,4.31
21.Aug.2017,4.29
22.Aug.2017,4.31
23.Aug.2017,4.31
24.Aug.2017,4.36
25.Aug.2017,4.38
28.Aug.2017,4.38
29.Aug.2017,4.35
30.Aug.2017,4.37
31.Aug.2017,4.35
01.Sep.2017,4.33
04.Sep.2017,4.32
05.Sep.2017,4.30
06.Sep.2017,4.28
07.Sep.2017,4.30
08.Sep.2017,4.27
11.Sep.2017,4.30
12.Sep.2017,4.33
13.Sep.2017,4.31
14.Sep.2017,4.33
15.Sep.2017,4.33
18.Sep.2017,
19.Sep.2017,
20.Sep.2017,4.33
21.Sep.2017,4.31
22.Sep.2017,4.30
25.Sep.2017,4.30
26.Sep.2017,4.30
27.Sep.2017,4.32
28.Sep.2017,4.36
29.Sep.2017,4.40
02.Oct.2017,4.41
03.Oct.2017,4.45
04.Oct.2017,4.44
05.Oct.2017,4.47
06.Oct.2017,4.45
09.Oct.2017,
10.Oct.2017,4.51
11.Oct.2017,4.50
12.Oct.2017,4.55
13.Oct.2017,4.55
16.Oct.2017,4.55
17.Oct.2017,4.55
18.Oct.2017,4.54
19.Oct.2017,4.52
20.Oct.2017,4.47
23.Oct.2017,4.44
24.Oct.2017,4.44
25.Oct.2017,4.50
26.Oct.2017,4.47
27.Oct.2017,
30.Oct.2017,4.47
31.Oct.2017,4.47
01.Nov.2017,
02.Nov.2017,4.46
03.Nov.2017,4.45
06.Nov.2017,4.45
07.Nov.2017,4.43
08.Nov.2017,4.46
09.Nov.2017,4.43
10.Nov.2017,4.46
13.Nov.2017,4.45
14.Nov.2017,4.43
15.Nov.2017,4.43
16.Nov.2017,4.47
17.Nov.2017,4.51
20.Nov.2017,4.48
21.Nov.2017,4.54
22.Nov.2017,4.65
23.Nov.2017,4.60
24.Nov.2017,4.59
27.Nov.2017,4.56
28.Nov.2017,4.60
29.Nov.2017,4.61
30.Nov.2017,4.62
01.Dec.2017,4.62
04.Dec.2017,4.64
05.Dec.2017,4.63
06.Dec.2017,4.63
07.Dec.2017,4.68
08.Dec.2017,
11.Dec.2017,4.69
12.Dec.2017,4.68
13.Dec.2017,4.69
14.Dec.2017,4.70
15.Dec.2017,4.66
18.Dec.2017,4.61
19.Dec.2017,4.63
20.Dec.2017,4.60
21.Dec.2017,4.57
22.Dec.2017,4.55
25.Dec.2017,
26.Dec.2017,4.55
27.Dec.2017,4.53
28.Dec.2017,4.54
29.Dec.2017,4.53
01.Jan.2018,
02.Jan.2018,4.50
03.Jan.2018,4.48
04.Jan.2018,4.52
05.Jan.2018,4.52
08.Jan.2018,4.51
09.Jan.2018,4.52
10.Jan.2018,4.58
11.Jan.2018,4.57
12.Jan.2018,4.57
15.Jan.2018,4.56
16.Jan.2018,
17.Jan.2018,4.53
18.Jan.2018,4.53
19.Jan.2018,4.55
22.Jan.2018,4.55
23.Jan.2018,4.54
24.Jan.2018,4.51
25.Jan.2018,4.48
26.Jan.2018,4.45
29.Jan.2018,4.51
30.Jan.2018,4.50
31.Jan.2018,4.52
01.Feb.2018,4.54
02.Feb.2018,4.59
05.Feb.2018,4.59
06.Feb.2018,4.56
07.Feb.2018,4.55
08.Feb.2018,4.55
09.Feb.2018,4.53
12.Feb.2018,4.52
13.Feb.2018,4.52
14.Feb.2018,4.53
15.Feb.2018,4.54
16.Feb.2018,4.55
19.Feb.2018,4.55
20.Feb.2018,4.54
21.Feb.2018,4.54
22.Feb.2018,4.53
23.Feb.2018,4.54
26.Feb.2018,4.57
27.Feb.2018,4.56
28.Feb.2018,4.55
01.Mar.2018,4.53
02.Mar.2018,4.53
05.Mar.2018,4.50
06.Mar.2018,4.51
07.Mar.2018,4.50
08.Mar.2018,4.50
09.Mar.2018,4.53
12.Mar.2018,4.51
13.Mar.2018,4.51
14.Mar.2018,4.49
15.Mar.2018,4.49
16.Mar.2018,4.49
19.Mar.2018,4.47
20.Mar.2018,4.48
21.Mar.2018,4.49
22.Mar.2018,4.49
23.Mar.2018,4.48
26.Mar.2018,4.47
27.Mar.2018,4.46
28.Mar.2018,4.45
29.Mar.2018,4.47
30.Mar.2018,
02.Apr.2018,4.48
03.Apr.2018,4.47
04.Apr.2018,4.46
05.Apr.2018,4.45
06.Apr.2018,4.44
09.Apr.2018,4.44
10.Apr.2018,4.42
11.Apr.2018,4.40
12.Apr.2018,4.37
13.Apr.2018,4.39
16.Apr.2018,4.37
17.Apr.2018,4.37
18.Apr.2018,4.36
19.Apr.2018,4.36
20.Apr.2018,4.37
23.Apr.2018,4.38
24.Apr.2018,4.41
25.Apr.2018,4.46
26.Apr.2018,4.46
27.Apr.2018,4.45
30.Apr.2018,4.45
01.May.2018,
02.May.2018,4.45
03.May.2018,4.45
04.May.2018,4.43
07.May.2018,4.43
08.May.2018,4.45
09.May.2018,4.46
10.May.2018,4.47
11.May.2018,4.44
14.May.2018,4.45
15.May.2018,4.48
16.May.2018,4.49
17.May.2018,4.52
18.May.2018,4.57
21.May.2018,
22.May.2018,4.58
23.May.2018,4.56
24.May.2018,4.55
25.May.2018,4.54
28.May.2018,4.55
29.May.2018,4.55
30.May.2018,4.56
31.May.2018,4.57
01.Jun.2018,4.57
04.Jun.2018,4.57
05.Jun.2018,4.57
06.Jun.2018,4.55
07.Jun.2018,4.54
08.Jun.2018,4.55
11.Jun.2018,4.55
12.Jun.2018,4.57
13.Jun.2018,4.58
14.Jun.2018,4.58
15.Jun.2018,4.59
18.Jun.2018,4.60
19.Jun.2018,4.60
20.Jun.2018,4.60
21.Jun.2018,4.59
22.Jun.2018,4.59
25.Jun.2018,4.58
26.Jun.2018,4.58
27.Jun.2018,4.57
28.Jun.2018,4.58
29.Jun.2018,4.59
02.Jul.2018,
03.Jul.2018,4.59
04.Jul.2018,4.59
05.Jul.2018,4.58
06.Jul.2018,4.57
09.Jul.2018,4.58
10.Jul.2018,4.59
11.Jul.2018,4.60
12.Jul.2018,
13.Jul.2018,
16.Jul.2018,
17.Jul.2018,4.55
18.Jul.2018,4.55
19.Jul.2018,4.56
20.Jul.2018,4.56
23.Jul.2018,4.56
24.Jul.2018,4.55
25.Jul.2018,4.56
26.Jul.2018,4.55
27.Jul.2018,4.55
30.Jul.2018,4.53
31.Jul.2018,4.54
01.Aug.2018,4.55
02.Aug.2018,4.53
03.Aug.2018,4.53
06.Aug.2018,4.52
07.Aug.2018,4.51
08.Aug.2018,4.51
09.Aug.2018,4.50
10.Aug.2018,4.49
13.Aug.2018,4.48
14.Aug.2018,4.48
15.Aug.2018,
16.Aug.2018,4.48
17.Aug.2018,4.47
20.Aug.2018,4.46
21.Aug.2018,4.46
22.Aug.2018,4.45
23.Aug.2018,4.43
24.Aug.2018,4.44
27.Aug.2018,4.42
28.Aug.2018,4.42
29.Aug.2018,4.45
30.Aug.2018,4.47
31.Aug.2018,4.46
03.Sep.2018,4.44
04.Sep.2018,4.43
05.Sep.2018,4.47
06.Sep.2018,4.49
07.Sep.2018,4.50
10.Sep.2018,4.50
11.Sep.2018,4.50
12.Sep.2018,4.50
13.Sep.2018,
14.Sep.2018,4.49
17.Sep.2018,
18.Sep.2018,
19.Sep.2018,
20.Sep.2018,4.49
21.Sep.2018,4.49
24.Sep.2018,4.51
25.Sep.2018,4.56
26.Sep.2018,4.56
27.Sep.2018,4.55
28.Sep.2018,4.53
01.Oct.2018,4.51
02.Oct.2018,4.51
03.Oct.2018,
04.Oct.2018,4.56
05.Oct.2018,4.56
08.Oct.2018,4.55
09.Oct.2018,4.54
10.Oct.2018,4.57
11.Oct.2018,4.60
12.Oct.2018,4.60
15.Oct.2018,
16.Oct.2018,
17.Oct.2018,4.64
18.Oct.2018,4.63
19.Oct.2018,4.60
22.Oct.2018,4.58
23.Oct.2018,4.58
24.Oct.2018,4.56
25.Oct.2018,4.57
26.Oct.2018,4.55
29.Oct.2018,4.57
30.Oct.2018,4.56
31.Oct.2018,4.53
01.Nov.2018,
02.Nov.2018,
05.Nov.2018,4.50
06.Nov.2018,4.50
07.Nov.2018,4.53
08.Nov.2018,4.53
09.Nov.2018,4.55
12.Nov.2018,4.54
13.Nov.2018,4.51
14.Nov.2018,4.51
15.Nov.2018,4.47
16.Nov.2018,4.47
19.Nov.2018,4.45
20.Nov.2018,4.45
21.Nov.2018,
22.Nov.2018,4.45
23.Nov.2018,4.39
26.Nov.2018,4.38
27.Nov.2018,4.39
28.Nov.2018,4.39
29.Nov.2018,4.38
30.Nov.2018,4.40
03.Dec.2018,4.42
04.Dec.2018,4.42
05.Dec.2018,4.38
06.Dec.2018,4.37
07.Dec.2018,4.35
10.Dec.2018,
11.Dec.2018,4.38
12.Dec.2018,4.40
13.Dec.2018,4.40
14.Dec.2018,4.39
17.Dec.2018,4.37
18.Dec.2018,4.34
19.Dec.2018,4.33
20.Dec.2018,4.28
21.Dec.2018,4.27
24.Dec.2018,
25.Dec.2018,
26.Dec.2018,4.25
27.Dec.2018,4.24
28.Dec.2018,4.21
31.Dec.2018,
01.Jan.2019,
02.Jan.2019,4.43
03.Jan.2019,4.41
04.Jan.2019,4.41
07.Jan.2019,4.43
08.Jan.2019,4.44
09.Jan.2019,4.47
10.Jan.2019,4.46
11.Jan.2019,4.47
14.Jan.2019,4.46
15.Jan.2019,4.48
16.Jan.2019,4.49
17.Jan.2019,4.55
18.Jan.2019,4.57
21.Jan.2019,
22.Jan.2019,4.60
23.Jan.2019,4.59
24.Jan.2019,4.53
25.Jan.2019,4.51
28.Jan.2019,4.50
29.Jan.2019,4.51
30.Jan.2019,4.51
31.Jan.2019,4.48
01.Feb.2019,4.43
04.Feb.2019,4.42
05.Feb.2019,4.44
06.Feb.2019,4.45
07.Feb.2019,4.46
08.Feb.2019,4.41
11.Feb.2019,4.37
12.Feb.2019,4.39
13.Feb.2019,4.38
14.Feb.2019,4.37
15.Feb.2019,4.36
18.Feb.2019,4.38
19.Feb.2019,4.37
20.Feb.2019,4.36
21.Feb.2019,4.36
22.Feb.2019,4.38
25.Feb.2019,4.37
26.Feb.2019,
27.Feb.2019,4.37
28.Feb.2019,4.38
01.Mar.2019,4.39
04.Mar.2019,4.41
05.Mar.2019,4.40
06.Mar.2019,4.38
07.Mar.2019,4.33
08.Mar.2019,4.27
11.Mar.2019,4.27
12.Mar.2019,
13.Mar.2019,4.26
14.Mar.2019,4.24
15.Mar.2019,4.25
18.Mar.2019,4.25
19.Mar.2019,
20.Mar.2019,4.24
21.Mar.2019,4.17
22.Mar.2019,4.15
25.Mar.2019,
26.Mar.2019,4.15
27.Mar.2019,4.20
28.Mar.2019,4.12
29.Mar.2019,4.15
01.Apr.2019,4.16
02.Apr.2019,4.16
03.Apr.2019,4.16
04.Apr.2019,4.16
05.Apr.2019,4.14
08.Apr.2019,4.10
09.Apr.2019,4.05
10.Apr.2019,4.02
11.Apr.2019,4.09
12.Apr.2019,4.12
15.Apr.2019,4.11
16.Apr.2019,4.14
17.Apr.2019,4.12
18.Apr.2019,4.10
19.Apr.2019,
22.Apr.2019,4.09
23.Apr.2019,4.09
24.Apr.2019,4.09
25.Apr.2019,4.13
26.Apr.2019,4.13
29.Apr.2019,4.17
30.Apr.2019,4.16
01.May.2019,
02.May.2019,4.16
03.May.2019,4.16
06.May.2019,4.15
07.May.2019,4.15
08.May.2019,4.15
09.May.2019,4.14
10.May.2019,4.12
13.May.2019,4.10
14.May.2019,4.13
15.May.2019,4.13
16.May.2019,4.14
17.May.2019,4.12
20.May.2019,4.10
21.May.2019,
22.May.2019,4.08
23.May.2019,4.02
24.May.2019,3.99
27.May.2019,3.95
28.May.2019,3.87
29.May.2019,3.78
30.May.2019,3.78
31.May.2019,3.72
03.Jun.2019,3.74
04.Jun.2019,3.75
05.Jun.2019,3.71
06.Jun.2019,3.71
07.Jun.2019,3.71
10.Jun.2019,3.47
11.Jun.2019,3.41
12.Jun.2019,3.40
13.Jun.2019,3.43
14.Jun.2019,3.48
17.Jun.2019,3.45
18.Jun.2019,3.43
19.Jun.2019,3.41
20.Jun.2019,3.33
21.Jun.2019,3.34
24.Jun.2019,3.34
25.Jun.2019,3.37
26.Jun.2019,3.42
27.Jun.2019,3.39
28.Jun.2019,3.35
01.Jul.2019,3.34
02.Jul.2019,3.31
03.Jul.2019,3.29
04.Jul.2019,3.27
05.Jul.2019,3.31
08.Jul.2019,3.30
09.Jul.2019,3.30
10.Jul.2019,3.26
11.Jul.2019,3.25
12.Jul.2019,3.26
15.Jul.2019,3.25
16.Jul.2019,
17.Jul.2019,3.20
18.Jul.2019,3.18
19.Jul.2019,3.08
22.Jul.2019,3.05
23.Jul.2019,3.05
24.Jul.2019,3.01
25.Jul.2019,2.99
26.Jul.2019,2.97
29.Jul.2019,2.97
30.Jul.2019,2.94
31.Jul.2019,2.87
01.Aug.2019,2.86
02.Aug.2019,2.79
05.Aug.2019,2.72
06.Aug.2019,2.72
07.Aug.2019,2.67
08.Aug.2019,2.71
09.Aug.2019,2.70
12.Aug.2019,2.70
13.Aug.2019,2.72
14.Aug.2019,2.68
15.Aug.2019,
16.Aug.2019,2.66
19.Aug.2019,2.67
20.Aug.2019,2.68
21.Aug.2019,2.68
22.Aug.2019,2.70
23.Aug.2019,2.67
26.Aug.2019,2.69
27.Aug.2019,2.68
28.Aug.2019,2.67
29.Aug.2019,2.68
30.Aug.2019,2.73
02.Sep.2019,2.72
03.Sep.2019,2.68
04.Sep.2019,2.57
05.Sep.2019,2.60
06.Sep.2019,2.60
09.Sep.2019,2.63
10.Sep.2019,2.64
11.Sep.2019,2.73
12.Sep.2019,2.72
13.Sep.2019,2.79
16.Sep.2019,2.78
17.Sep.2019,2.79
18.Sep.2019,
19.Sep.2019,
20.Sep.2019,
23.Sep.2019,2.75
24.Sep.2019,2.72
25.Sep.2019,2.74
26.Sep.2019,2.77
27.Sep.2019,2.78
30.Sep.2019,2.80
01.Oct.2019,2.85
02.Oct.2019,2.82
03.Oct.2019,2.77
04.Oct.2019,2.76
07.Oct.2019,2.76
08.Oct.2019,2.71
09.Oct.2019,2.70
10.Oct.2019,2.75
11.Oct.2019,2.82
14.Oct.2019,2.85
15.Oct.2019,2.86
16.Oct.2019,2.86
17.Oct.2019,2.98
18.Oct.2019,3.03
21.Oct.2019,3.15
22.Oct.2019,3.19
23.Oct.2019,3.09
24.Oct.2019,3.01
25.Oct.2019,3.05
28.Oct.2019,3.15
29.Oct.2019,3.26
30.Oct.2019,3.35
31.Oct.2019,
01.Nov.2019,
04.Nov.2019,3.39
05.Nov.2019,3.37
06.Nov.2019,3.31
07.Nov.2019,3.26
08.Nov.2019,3.22
11.Nov.2019,3.26
12.Nov.2019,3.40
13.Nov.2019,3.63
14.Nov.2019,3.89
15.Nov.2019,3.36
18.Nov.2019,3.32
19.Nov.2019,3.29
20.Nov.2019,3.41
21.Nov.2019,3.36
22.Nov.2019,3.30
25.Nov.2019,3.25
26.Nov.2019,3.16
27.Nov.2019,3.17
28.Nov.2019,3.22
29.Nov.2019,3.20
02.Dec.2019,3.29
03.Dec.2019,3.37
04.Dec.2019,3.43
05.Dec.2019,3.67
06.Dec.2019,3.62
09.Dec.2019,3.60
10.Dec.2019,3.54
11.Dec.2019,3.46
12.Dec.2019,3.40
13.Dec.2019,3.33
16.Dec.2019,3.22
17.Dec.2019,2.99
18.Dec.2019,3.04
19.Dec.2019,3.08
20.Dec.2019,3.13
23.Dec.2019,3.20
24.Dec.2019,3.20
25.Dec.2019,
26.Dec.2019,3.16
27.Dec.2019,3.14
30.Dec.2019,3.14
31.Dec.2019,
01.Jan.2020,
02.Jan.2020,3.10
03.Jan.2020,3.14
06.Jan.2020,3.18
07.Jan.2020,3.20
08.Jan.2020,3.28
09.Jan.2020,3.41
10.Jan.2020,3.47
13.Jan.2020,3.45
14.Jan.2020,3.39
15.Jan.2020,3.31
16.Jan.2020,3.29
17.Jan.2020,3.24
20.Jan.2020,3.20
21.Jan.2020,3.23
22.Jan.2020,3.28
23.Jan.2020,3.32
24.Jan.2020,3.35
27.Jan.2020,3.34
28.Jan.2020,3.30
29.Jan.2020,3.34
30.Jan.2020,3.37
31.Jan.2020,3.43
03.Feb.2020,3.46
04.Feb.2020,3.39
05.Feb.2020,3.36
06.Feb.2020,3.36
07.Feb.2020,3.38
10.Feb.2020,3.38
11.Feb.2020,3.37
12.Feb.2020,3.40
13.Feb.2020,3.43
14.Feb.2020,3.47
17.Feb.2020,
18.Feb.2020,3.55
19.Feb.2020,3.60
20.Feb.2020,3.70
21.Feb.2020,3.76
24.Feb.2020,3.58
25.Feb.2020,3.47
26.Feb.2020,3.48
27.Feb.2020,3.56
28.Feb.2020,3.59
02.Mar.2020,3.52
03.Mar.2020,3.43
04.Mar.2020,3.21
05.Mar.2020,3.15
06.Mar.2020,3.08
09.Mar.2020,2.92
10.Mar.2020,3.01
11.Mar.2020,2.94
12.Mar.2020,3.32
13.Mar.2020,3.31
16.Mar.2020,3.01
17.Mar.2020,2.91
18.Mar.2020,3.59
19.Mar.2020,3.71
20.Mar.2020,3.83
23.Mar.2020,3.90
24.Mar.2020,3.88
25.Mar.2020,3.79
26.Mar.2020,3.67
27.Mar.2020,3.60
30.Mar.2020,3.63
31.Mar.2020,3.61
01.Apr.2020,3.30
02.Apr.2020,3.36
03.Apr.2020,3.42
06.Apr.2020,3.40
07.Apr.2020,3.40
08.Apr.2020,3.26
09.Apr.2020,3.20
10.Apr.2020,
13.Apr.2020,3.16
14.Apr.2020,3.18
15.Apr.2020,3.15
16.Apr.2020,3.12
17.Apr.2020,3.09
20.Apr.2020,3.02
21.Apr.2020,2.92
22.Apr.2020,2.88
23.Apr.2020,2.76
24.Apr.2020,2.69
27.Apr.2020,2.65
28.Apr.2020,2.71
29.Apr.2020,2.67
30.Apr.2020,2.67
01.May.2020,
04.May.2020,2.62
05.May.2020,2.64
06.May.2020,2.63
07.May.2020,2.64
08.May.2020,2.62
11.May.2020,2.61
12.May.2020,2.56
13.May.2020,2.55
14.May.2020,2.53
15.May.2020,2.43
18.May.2020,2.35
19.May.2020,2.28
20.May.2020,2.18
21.May.2020,
22.May.2020,2.02
25.May.2020,2.00
26.May.2020,2.20
27.May.2020,2.31
28.May.2020,2.18
29.May.2020,2.18
01.Jun.2020,2.21
02.Jun.2020,2.31
03.Jun.2020,2.50
04.Jun.2020,2.55
05.Jun.2020,2.71
08.Jun.2020,2.75
09.Jun.2020,2.68
10.Jun.2020,2.55
11.Jun.2020,2.51
12.Jun.2020,2.55
15.Jun.2020,2.57
16.Jun.2020,2.59
17.Jun.2020,2.47
18.Jun.2020,2.27
19.Jun.2020,2.11
22.Jun.2020,2.23
23.Jun.2020,2.22
24.Jun.2020,2.21
25.Jun.2020,2.25
26.Jun.2020,2.36
29.Jun.2020,
30.Jun.2020,2.39
01.Jul.2020,2.41
02.Jul.2020,2.46
03.Jul.2020,2.44
06.Jul.2020,2.39
07.Jul.2020,2.33
08.Jul.2020,2.24
09.Jul.2020,2.50
10.Jul.2020,2.50
13.Jul.2020,2.53
14.Jul.2020,2.48
15.Jul.2020,2.61
16.Jul.2020,
17.Jul.2020,2.81
20.Jul.2020,2.82
21.Jul.2020,2.76
22.Jul.2020,2.60
23.Jul.2020,2.48
24.Jul.2020,2.38
27.Jul.2020,2.49
28.Jul.2020,2.53
29.Jul.2020,2.45
30.Jul.2020,2.49
31.Jul.2020,2.41
03.Aug.2020,2.39
04.Aug.2020,2.34
05.Aug.2020,2.30
06.Aug.2020,2.35
07.Aug.2020,2.41
10.Aug.2020,2.39
11.Aug.2020,2.49
12.Aug.2020,2.51
13.Aug.2020,2.47
14.Aug.2020,2.46
17.Aug.2020,2.48
18.Aug.2020,2.50
19.Aug.2020,2.47
20.Aug.2020,2.47
21.Aug.2020,2.48
24.Aug.2020,2.49
25.Aug.2020,2.47
26.Aug.2020,2.42
27.Aug.2020,2.37
28.Aug.2020,2.43
31.Aug.2020,2.40
01.Sep.2020,2.38
02.Sep.2020,2.44
03.Sep.2020,2.48
04.Sep.2020,2.51
07.Sep.2020,2.51
08.Sep.2020,2.52
09.Sep.2020,2.58
10.Sep.2020,2.67
11.Sep.2020,2.68
14.Sep.2020,2.64
15.Sep.2020,2.64
16.Sep.2020,2.61
17.Sep.2020,2.57
18.Sep.2020,
21.Sep.2020,2.54
22.Sep.2020,2.55
23.Sep.2020,2.61
24.Sep.2020,2.65
25.Sep.2020,2.68
28.Sep.2020,2.69
29.Sep.2020,2.71
30.Sep.2020,2.70
01.Oct.2020,2.61
02.Oct.2020,2.52
05.Oct.2020,2.55
06.Oct.2020,2.61
07.Oct.2020,2.66
08.Oct.2020,2.68
09.Oct.2020,2.67
12.Oct.2020,
13.Oct.2020,2.65
14.Oct.2020,2.62
15.Oct.2020,2.63
16.Oct.2020,2.63
19.Oct.2020,2.65
20.Oct.2020,2.64
21.Oct.2020,2.61
22.Oct.2020,2.59
23.Oct.2020,2.57
26.Oct.2020,2.54
27.Oct.2020,2.53
28.Oct.2020,2.60
29.Oct.2020,2.58
30.Oct.2020,2.59
02.Nov.2020,2.61
03.Nov.2020,2.59
04.Nov.2020,2.53
05.Nov.2020,2.50
06.Nov.2020,2.55
09.Nov.2020,2.61
10.Nov.2020,2.58
11.Nov.2020,2.60
12.Nov.2020,2.61
13.Nov.2020,2.64
16.Nov.2020,2.65
17.Nov.2020,2.62
18.Nov.2020,2.66
19.Nov.2020,2.68
20.Nov.2020,2.63
23.Nov.2020,2.61
24.Nov.2020,2.64
25.Nov.2020,2.67
26.Nov.2020,2.70
27.Nov.2020,2.74
30.Nov.2020,2.78
01.Dec.2020,2.79
02.Dec.2020,2.87
03.Dec.2020,2.89
04.Dec.2020,2.92
07.Dec.2020,2.86
08.Dec.2020,
09.Dec.2020,2.83
10.Dec.2020,2.80
11.Dec.2020,2.79
14.Dec.2020,2.75
15.Dec.2020,2.74
16.Dec.2020,2.68
17.Dec.2020,2.65
18.Dec.2020,2.66
21.Dec.2020,2.64
22.Dec.2020,2.66
23.Dec.2020,2.67
24.Dec.2020,2.70
25.Dec.2020,
28.Dec.2020,2.65
29.Dec.2020,
30.Dec.2020,2.65
31.Dec.2020,
01.Jan.2021,
04.Jan.2021,2.60
05.Jan.2021,2.59
06.Jan.2021,2.59
07.Jan.2021,2.63
08.Jan.2021,2.64
11.Jan.2021,2.71
12.Jan.2021,2.72
13.Jan.2021,2.74
14.Jan.2021,2.73
15.Jan.2021,2.69
18.Jan.2021,2.67
19.Jan.2021,2.66
20.Jan.2021,2.71
21.Jan.2021,2.68
22.Jan.2021,2.64
25.Jan.2021,2.60
26.Jan.2021,2.59
27.Jan.2021,2.58
28.Jan.2021,2.55
29.Jan.2021,2.57
01.Feb.2021,2.58
02.Feb.2021,2.58
03.Feb.2021,2.57
04.Feb.2021,2.55
05.Feb.2021,2.58
08.Feb.2021,2.60
09.Feb.2021,2.58
10.Feb.2021,2.59
11.Feb.2021,2.59
12.Feb.2021,2.62
15.Feb.2021,2.67
16.Feb.2021,2.73
17.Feb.2021,2.78
18.Feb.2021,2.76
19.Feb.2021,2.80
22.Feb.2021,2.91
23.Feb.2021,2.92
24.Feb.2021,2.94
25.Feb.2021,3.01
26.Feb.2021,2.98
01.Mar.2021,2.89
02.Mar.2021,2.86
03.Mar.2021,2.97
04.Mar.2021,3.01
05.Mar.2021,3.10
08.Mar.2021,3.07
09.Mar.2021,3.06
10.Mar.2021,3.11
11.Mar.2021,3.05
12.Mar.2021,3.11
15.Mar.2021,3.09
16.Mar.2021,3.06
17.Mar.2021,3.13
18.Mar.2021,3.20
19.Mar.2021,3.26
22.Mar.2021,3.25
23.Mar.2021,3.25
24.Mar.2021,3.28
25.Mar.2021,3.30
26.Mar.2021,3.49
29.Mar.2021,3.50
30.Mar.2021,3.49
31.Mar.2021,3.50
01.Apr.2021,3.46
02.Apr.2021,
05.Apr.2021,3.35
06.Apr.2021,3.31
07.Apr.2021,3.34
08.Apr.2021,3.34
09.Apr.2021,3.39
12.Apr.2021,3.44
13.Apr.2021,3.55
14.Apr.2021,3.67
15.Apr.2021,3.60
16.Apr.2021,3.48
19.Apr.2021,3.50
20.Apr.2021,3.51
21.Apr.2021,3.57
22.Apr.2021,3.62
23.Apr.2021,3.57
26.Apr.2021,3.67
27.Apr.2021,3.77
28.Apr.2021,3.87
29.Apr.2021,3.86
30.Apr.2021,3.76
03.May.2021,3.67
04.May.2021,3.52
05.May.2021,3.48
06.May.2021,3.54
07.May.2021,3.48
10.May.2021,3.48
11.May.2021,3.48
12.May.2021,3.59
13.May.2021,3.55
14.May.2021,3.60
17.May.2021,3.82
18.May.2021,3.75
19.May.2021,3.79
20.May.2021,3.84
21.May.2021,
24.May.2021,3.96
25.May.2021,4.01
26.May.2021,3.95
27.May.2021,3.97
28.May.2021,3.91
31.May.2021,3.84
01.Jun.2021,3.87
02.Jun.2021,3.93
03.Jun.2021,4.06
04.Jun.2021,4.25
07.Jun.2021,4.37
08.Jun.2021,4.38
09.Jun.2021,
10.Jun.2021,4.23
11.Jun.2021,4.13
14.Jun.2021,4.21
15.Jun.2021,4.26
16.Jun.2021,4.23
17.Jun.2021,4.26
18.Jun.2021,4.26
21.Jun.2021,
22.Jun.2021,4.31
23.Jun.2021,4.33
24.Jun.2021,4.35
25.Jun.2021,4.47
28.Jun.2021,
29.Jun.2021,4.48
30.Jun.2021,4.62
01.Jul.2021,4.62
02.Jul.2021,4.78
05.Jul.2021,4.98
06.Jul.2021,4.94
07.Jul.2021,4.86
08.Jul.2021,4.58
09.Jul.2021,4.53
12.Jul.2021,4.51
13.Jul.2021,4.51
14.Jul.2021,4.40
15.Jul.2021,4.25
16.Jul.2021,
19.Jul.2021,4.13
20.Jul.2021,4.12
21.Jul.2021,4.23
22.Jul.2021,4.27
23.Jul.2021,4.30
26.Jul.2021,4.36
27.Jul.2021,4.42
28.Jul.2021,4.53
29.Jul.2021,4.50
30.Jul.2021,4.43
02.Aug.2021,4.37
03.Aug.2021,4.41
04.Aug.2021,4.46
05.Aug.2021,4.57
06.Aug.2021,4.64
09.Aug.2021,4.67
10.Aug.2021,4.67
11.Aug.2021,4.76
12.Aug.2021,4.75
13.Aug.2021,4.76
16.Aug.2021,4.72
17.Aug.2021,4.73
18.Aug.2021,4.77
19.Aug.2021,4.85
20.Aug.2021,4.87
23.Aug.2021,4.89
24.Aug.2021,4.86
25.Aug.2021,4.79
26.Aug.2021,4.76
27.Aug.2021,4.74
30.Aug.2021,4.72
31.Aug.2021,4.74
01.Sep.2021,4.98
02.Sep.2021,5.09
03.Sep.2021,5.05
06.Sep.2021,
07.Sep.2021,5.12
08.Sep.2021,5.28
09.Sep.2021,
10.Sep.2021,
13.Sep.2021,5.41
14.Sep.2021,5.26
15.Sep.2021,5.10
16.Sep.2021,5.17
17.Sep.2021,
20.Sep.2021,5.15
21.Sep.2021,5.01
22.Sep.2021,5.02
23.Sep.2021,5.15
24.Sep.2021,5.24
27.Sep.2021,5.40
28.Sep.2021,5.50
29.Sep.2021,5.56
30.Sep.2021,5.57
01.Oct.2021,5.70
04.Oct.2021,5.82
05.Oct.2021,6.00
06.Oct.2021,6.25
07.Oct.2021,6.42
08.Oct.2021,6.62
11.Oct.2021,
12.Oct.2021,6.81
13.Oct.2021,6.86
14.Oct.2021,6.60
15.Oct.2021,6.40
18.Oct.2021,6.48
19.Oct.2021,6.45
20.Oct.2021,6.41
21.Oct.2021,6.50
22.Oct.2021,6.56
25.Oct.2021,6.30
26.Oct.2021,6.16
27.Oct.2021,6.21
28.Oct.2021,6.09
29.Oct.2021,6.09
01.Nov.2021,
02.Nov.2021,5.99
03.Nov.2021,5.99
04.Nov.2021,6.07
05.Nov.2021,6.06
08.Nov.2021,6.07
09.Nov.2021,6.05
10.Nov.2021,5.62
11.Nov.2021,5.58
12.Nov.2021,5.66
15.Nov.2021,5.71
16.Nov.2021,5.81
17.Nov.2021,5.92
18.Nov.2021,6.03
19.Nov.2021,6.09
22.Nov.2021,5.62
23.Nov.2021,5.56
24.Nov.2021,5.60
25.Nov.2021,5.76
26.Nov.2021,5.70
29.Nov.2021,5.76
30.Nov.2021,5.73
01.Dec.2021,5.71
02.Dec.2021,5.66
03.Dec.2021,5.59
06.Dec.2021,5.60
07.Dec.2021,5.65
08.Dec.2021,
09.Dec.2021,5.62
10.Dec.2021,5.59
13.Dec.2021,5.59
14.Dec.2021,5.70
15.Dec.2021,5.72
16.Dec.2021,
17.Dec.2021,5.88
20.Dec.2021,5.97
21.Dec.2021,5.93
22.Dec.2021,5.81
23.Dec.2021,5.71
24.Dec.2021,5.66
27.Dec.2021,5.59
28.Dec.2021,5.59
29.Dec.2021,5.66
30.Dec.2021,5.65
31.Dec.2021,
03.Jan.2022,5.65
04.Jan.2022,5.76
05.Jan.2022,5.70
06.Jan.2022,5.73
07.Jan.2022,5.81
10.Jan.2022,5.95
11.Jan.2022,6.06
12.Jan.2022,6.07
13.Jan.2022,6.11
14.Jan.2022,6.11
17.Jan.2022,6.11
18.Jan.2022,6.11
19.Jan.2022,6.18
20.Jan.2022,6.12
21.Jan.2022,5.81
24.Jan.2022,5.63
25.Jan.2022,5.69
26.Jan.2022,5.75
27.Jan.2022,5.87
28.Jan.2022,5.76
31.Jan.2022,5.65
01.Feb.2022,5.60
02.Feb.2022,5.55
03.Feb.2022,5.65
04.Feb.2022,5.64
07.Feb.2022,5.66
08.Feb.2022,5.83
09.Feb.2022,5.86
10.Feb.2022,5.97
11.Feb.2022,
14.Feb.2022,6.00
15.Feb.2022,5.94
16.Feb.2022,5.90
17.Feb.2022,5.86
18.Feb.2022,5.92
21.Feb.2022,5.90
22.Feb.2022,5.89
23.Feb.2022,5.92
24.Feb.2022,5.83
25.Feb.2022,5.84
28.Feb.2022,5.80
01.Mar.2022,5.72
02.Mar.2022,
03.Mar.2022,5.87
04.Mar.2022,5.85
07.Mar.2022,5.89
08.Mar.2022,5.89
09.Mar.2022,5.97
10.Mar.2022,5.98
11.Mar.2022,6.01
14.Mar.2022,6.10
15.Mar.2022,6.16
16.Mar.2022,
17.Mar.2022,6.21
18.Mar.2022,6.19
21.Mar.2022,6.24
22.Mar.2022,6.30
23.Mar.2022,
24.Mar.2022,6.51
25.Mar.2022,
28.Mar.2022,
29.Mar.2022,6.49
30.Mar.2022,6.28
31.Mar.2022,6.20
01.Apr.2022,6.10
04.Apr.2022,6.10
05.Apr.2022,6.16
06.Apr.2022,6.29
07.Apr.2022,6.34
08.Apr.2022,6.55
11.Apr.2022,6.55
12.Apr.2022,6.58
13.Apr.2022,6.52
14.Apr.2022,6.55
15.Apr.2022,
18.Apr.2022,6.66
19.Apr.2022,6.65
20.Apr.2022,6.67
21.Apr.2022,
22.Apr.2022,
25.Apr.2022,6.81
26.Apr.2022,6.82
27.Apr.2022,6.73
28.Apr.2022,6.74
29.Apr.2022,6.73
02.May.2022,6.72
03.May.2022,6.70
04.May.2022,
05.May.2022,6.72
06.May.2022,
09.May.2022,6.89
10.May.2022,6.86
11.May.2022,6.81
12.May.2022,6.71
13.May.2022,6.75
16.May.2022,6.70
17.May.2022,6.74
18.May.2022,6.72
19.May.2022,6.64
20.May.2022,6.55
23.May.2022,6.52
24.May.2022,6.38
25.May.2022,6.36
26.May.2022,6.34
27.May.2022,6.31
30.May.2022,
31.May.2022,6.31
01.Jun.2022,6.30
02.Jun.2022,6.34
03.Jun.2022,6.36
06.Jun.2022,6.40
07.Jun.2022,6.39
08.Jun.2022,6.44
09.Jun.2022,6.44
10.Jun.2022,6.50
13.Jun.2022,6.58
14.Jun.2022,6.61
15.Jun.2022,6.58
16.Jun.2022,6.56
17.Jun.2022,6.50
20.Jun.2022,6.49
21.Jun.2022,
22.Jun.2022,6.37
23.Jun.2022,6.33
24.Jun.2022,6.37
27.Jun.2022,
28.Jun.2022,6.41
29.Jun.2022,6.46
30.Jun.2022,6.42
01.Jul.2022,6.31
04.Jul.2022,6.34
05.Jul.2022,6.29
06.Jul.2022,6.31
07.Jul.2022,6.51
08.Jul.2022,6.40
11.Jul.2022,
12.Jul.2022,6.76
13.Jul.2022,6.75
14.Jul.2022,6.85
15.Jul.2022,6.80
18.Jul.2022,6.60
19.Jul.2022,6.67
20.Jul.2022,6.67
21.Jul.2022,6.69
22.Jul.2022,6.72
25.Jul.2022,6.75
26.Jul.2022,6.70
27.Jul.2022,6.70
28.Jul.2022,6.64
29.Jul.2022,6.65
01.Aug.2022,6.53
02.Aug.2022,6.53
03.Aug.2022,6.70
04.Aug.2022,6.66
05.Aug.2022,6.67
08.Aug.2022,6.65
09.Aug.2022,6.68
10.Aug.2022,6.54
11.Aug.2022,6.55
12.Aug.2022,6.56
15.Aug.2022,
16.Aug.2022,6.67
17.Aug.2022,6.72
18.Aug.2022,6.77
19.Aug.2022,6.86
22.Aug.2022,6.97
23.Aug.2022,6.89
24.Aug.2022,6.91
25.Aug.2022,6.87
26.Aug.2022,6.75
29.Aug.2022,6.88
30.Aug.2022,6.75
31.Aug.2022,6.69
01.Sep.2022,6.67
02.Sep.2022,6.58
05.Sep.2022,6.48
06.Sep.2022,6.50
07.Sep.2022,6.50
08.Sep.2022,6.60
09.Sep.2022,6.51
12.Sep.2022,6.48
13.Sep.2022,6.48
14.Sep.2022,6.51
15.Sep.2022,6.50
16.Sep.2022,
19.Sep.2022,
20.Sep.2022,6.54
21.Sep.2022,6.59
22.Sep.2022,6.65
23.Sep.2022,6.73
26.Sep.2022,6.84
27.Sep.2022,6.97
28.Sep.2022,6.98
29.Sep.2022,6.94
30.Sep.2022,6.87
03.Oct.2022,6.77
04.Oct.2022,6.80
05.Oct.2022,6.91
06.Oct.2022,6.94
07.Oct.2022,6.88
10.Oct.2022,
11.Oct.2022,6.81
12.Oct.2022,6.75
13.Oct.2022,6.64
14.Oct.2022,6.54
17.Oct.2022,6.42
18.Oct.2022,6.45
19.Oct.2022,6.60
20.Oct.2022,6.70
21.Oct.2022,6.73
24.Oct.2022,6.62
25.Oct.2022,6.58
26.Oct.2022,6.56
27.Oct.2022,6.53
28.Oct.2022,6.63
31.Oct.2022,
01.Nov.2022,
02.Nov.2022,6.56
03.Nov.2022,6.53
04.Nov.2022,6.46
07.Nov.2022,6.39
08.Nov.2022,6.09
09.Nov.2022,5.96
10.Nov.2022,5.79
11.Nov.2022,5.71
14.Nov.2022,5.66
15.Nov.2022,5.38
16.Nov.2022,5.36
17.Nov.2022,5.53
18.Nov.2022,5.56
21.Nov.2022,5.37
22.Nov.2022,5.38
23.Nov.2022,5.40
24.Nov.2022,5.39
25.Nov.2022,5.47
28.Nov.2022,5.50
29.Nov.2022,5.48
30.Nov.2022,5.48
01.Dec.2022,5.36
02.Dec.2022,5.31
05.Dec.2022,5.32
06.Dec.2022,5.30
07.Dec.2022,5.42
08.Dec.2022,
09.Dec.2022,5.37
12.Dec.2022,5.38
13.Dec.2022,5.29
14.Dec.2022,5.26
15.Dec.2022,5.26
16.Dec.2022,5.34
19.Dec.2022,5.35
20.Dec.2022,5.37
21.Dec.2022,5.35
22.Dec.2022,5.37
23.Dec.2022,5.36
26.Dec.2022,5.37
27.Dec.2022,5.34
28.Dec.2022,5.32
29.Dec.2022,5.33
